,Station,Latitude,Longitude
0,2733,40.633385,-74.016562
1,2782,40.635679,-74.020005
2,2832,40.637033,-74.022141
3,2872,40.63766,-74.01782
4,2883,40.638246,-74.024714
5,2912,40.638196,-74.013821
6,2923,40.639859,-74.019776
7,2932,40.638799,-74.027472
8,2951,40.639673,-74.008957
9,2961,40.640125,-74.015726
10,2971,40.639978,-74.02324
11,3000,40.640831,-74.010996
12,3007,40.642031,-73.981073
13,3011,40.641269,-74.017651
14,3019,40.640493,-74.02564
15,3046,40.643817,-73.977433
16,3050,40.642408,-74.013318
17,3056,40.643546,-73.986418
18,3084,40.642703,-74.009441
19,3090,40.642809,-73.979239
20,3093,40.642622,-74.016866
21,3117,40.644743,-74.003754
22,3125,40.644719,-73.974515
23,3129,40.643371,-74.011884
24,3135,40.644367,-73.984276
25,3138,40.644512,-74.021506
26,3161,40.645921,-74.005708
27,3166,40.645074,-73.979681
28,3169,40.644862,-74.014531
29,3178,40.646377,-74.023087
30,3192,40.647379,-74.000911
31,3199,40.647718,-73.973663
32,3202,40.646351,-74.009271
33,3208,40.646037,-73.980963
34,3211,40.64744,-74.018846
35,3230,40.648481,-73.97058
36,3233,40.647105,-74.004483
37,3240,40.649037,-73.97673
38,3243,40.649143,-74.012384
39,3253,40.649292,-74.020105
40,3266,40.648169,-74.000057
41,3272,40.648055,-73.972432
42,3275,40.649145,-74.009486
43,3280,40.648005,-73.979342
44,3283,40.650176,-74.015606
45,3303,40.649681,-73.967829
46,3306,40.649983,-74.005144
47,3315,40.651173,-74.011405
48,3344,40.651566,-73.972212
49,3347,40.651354,-74.007168
50,3353,40.650739,-73.977739
51,3356,40.652502,-74.013587
52,3376,40.651847,-73.965248
53,3379,40.652657,-74.002356
54,3385,40.652563,-73.972573
55,3388,40.652512,-74.008906
56,3394,40.651654,-73.981231
57,3420,40.654144,-74.00422
58,3426,40.653368,-73.976291
59,3428,40.654798,-74.014372
60,3451,40.654098,-74.001131
61,3457,40.65482,-73.973217
62,3460,40.65708866668485,-74.00870203971863
63,3492,40.655278,-74.003101
64,3498,40.657265,-73.974165
65,3501,40.6554,-74.010628
66,3507,40.656633,-73.983864
67,3515,40.658029,-73.989605
68,3523,40.656986,-73.998194
69,3532,40.659176,-74.006584
70,3538,40.65629,-73.977335
71,3547,40.658489,-73.985543
72,3555,40.659555,-73.995068
73,3564,40.657743,-74.001141
74,3579,40.659491,-73.980139
75,3588,40.659053,-73.98854
76,3596,40.660079,-73.998633
77,3611,40.659945,-73.977504
78,3620,40.660906,-73.983074
79,3628,40.66016,-73.990974
80,3651,40.661063,-73.979452
81,3665,40.662705,-73.956911
82,3668,40.662584,-73.995554
83,3696,40.6630619,-73.9538746
84,3699,40.663493,-73.991007
85,3704,40.664079,-73.960251
86,3707,40.662611,-73.998623
87,3722,40.66514681533792,-73.97637605667114
88,3731,40.663779,-73.983968
89,3736,40.665816,-73.956934
90,3739,40.665507,-73.993037
91,3762,40.666208,-73.981999
92,3771,40.666287,-73.98895
93,3776,40.666439,-73.960556
94,3779,40.666168,-73.995549
95,3803,40.666318,-73.985461
96,3811,40.666197,-73.992466
97,3834,40.668663,-73.979881
98,3842,40.668627,-73.987
99,3847,40.6679411,-73.9588
100,3850,40.668546,-73.993333
101,3865,40.668132,-73.97363831
102,3874,40.670484,-73.98209
103,3879,40.669178,-73.955416
104,3882,40.668603,-73.9904394
105,3887,40.6686744,-73.9618148
106,3905,40.670383,-73.978396
107,3914,40.6704922,-73.98541675
108,3919,40.670776,-73.95768
109,3922,40.671907,-73.993612
110,3928,40.671649,-73.963114
111,3931,40.671409,-74.001328
112,3940,40.672672,-74.008795
113,3946,40.672784,-73.979826
114,3955,40.670514,-73.988766
115,3960,40.672168,-73.9609
116,3972,40.6725058,-74.00494695
117,3978,40.6711978,-73.97484126
118,3981,40.67363551341504,-74.01195555925369
119,3987,40.672815,-73.983523
120,3993,40.672695,-73.954131
121,3996,40.672603,-73.98983
122,4001,40.6737236,-73.9631611
123,4010,40.675021,-73.971115
124,4013,40.674705,-74.007557
125,4019,40.674089,-73.978728
126,4028,40.67507,-73.987752
127,4033,40.6741806,-73.9564947
128,4042,40.6740123,-73.9671457
129,4045,40.67434,-74.001947
130,4051,40.675146838709786,-73.97523209452629
131,4054,40.6753274,-74.0100698
132,4060,40.6751622,-73.9814832
133,4066,40.676368,-73.952918
134,4074,40.67652,-73.959608
135,4077,40.674696,-73.997858
136,4083,40.6767,-73.969024
137,4086,40.6763744,-74.00324957
138,4095,40.677343,-74.012751
139,4101,40.676757,-73.983262
140,4107,40.677592,-73.955637
141,4110,40.677729,-73.993641
142,4116,40.6769694,-73.96579
143,4119,40.678356,-74.000145
144,4124,40.680356,-73.947679
145,4125,40.6776147,-73.97324283
146,4128,40.6777748,-74.0094613
147,4134,40.67653,-73.978469
148,4137,40.677236,-74.015665
149,4143,40.679097,-73.987654
150,4148,40.679194,-73.95879
151,4151,40.6787242,-73.99599099
152,4157,40.679439,-73.968044
153,4161,40.6786,-73.90369
154,4166,40.679331,-73.975195
155,4169,40.679043,-74.011169
156,4175,40.679278,-73.98154
157,4184,40.6786115,-73.99037292
158,4190,40.678045,-73.962408
159,4193,40.680959,-73.999057
160,4199,40.680974,-73.97101
161,4202,40.6794327,-74.00785041
162,4203,40.67945,-73.90474
163,4205,40.67890679,-73.94142771
164,4208,40.6795766,-73.97854971
165,4214,40.680983,-73.950048
166,4217,40.6802133,-73.98432695
167,4222,40.680342423,-73.9557689392
168,4225,40.680611,-73.99475825
169,4228,40.679427,-73.929891
170,4231,40.680484,-73.96468
171,4237,40.68001,-73.938475
172,4243,40.6812117,-74.00860912
173,4244,40.68139,-73.90756
174,4249,40.681778,-73.97989
175,4255,40.682166,-73.95399
176,4258,40.68199044270703,-73.99079024791718
177,4263,40.68186,-73.959432
178,4266,40.683116,-73.997852
179,4278,40.682601,-73.938037
180,4281,40.680945,-73.975673
181,4285,40.683199,-73.911666
182,4290,40.683426,-73.984275
183,4298,40.682915,-73.993182
184,4307,40.6828003,-73.99990419
185,4317,40.68281,-73.90623
186,4319,40.6823687,-73.944118
187,4322,40.683124,-73.978951
188,4327,40.68402,-73.94977
189,4330,40.684355,-73.989016
190,4336,40.684568,-73.95881
191,4339,40.6849894,-73.99440329
192,4345,40.683239,-73.965996
193,4348,40.6830456,-74.00348559
194,4354,40.683826,-73.976323
195,4357,40.68458,-73.90925
196,4362,40.6853761,-73.98302136
197,4366,40.68565,-73.91564
198,4368,40.6851443,-73.95380904
199,4371,40.685424,-73.991277
200,4374,40.685126,-74.025353
201,4377,40.68488,-73.96304
202,4380,40.6847514,-73.99917254
203,4386,40.684157,-73.969222
204,4392,40.6851532,-73.94111
205,4395,40.686919,-73.976682
206,4399,40.68652,-73.91321
207,4404,40.684967,-73.986208
208,4413,40.686371,-73.993833
209,4419,40.68650065,-73.96563307
210,4422,40.68593,-74.002424
211,4425,40.686312,-73.935775
212,4428,40.687534,-73.972652
213,4432,40.6882,-73.90798
214,4434,40.686203,-73.944694
215,4437,40.68683208,-73.9796772
216,4440,40.68706579875912,-74.01675585121666
217,4441,40.68663,-73.9168
218,4446,40.686744,-73.990632
219,4452,40.686767,-73.959281
220,4455,40.6881529,-73.99520919
221,4461,40.68764484,-73.96968902
222,4474,40.68858,-73.91227
223,4476,40.690082,-73.947915
224,4479,40.689622,-73.983043
225,4483,40.68822,-73.91966
226,4488,40.690238,-73.992031
227,4494,40.688515,-73.964763
228,4497,40.6893952,-73.9995126
229,4507,40.68906,-73.90506
230,4510,40.6894932,-73.942061
231,4513,40.690065,-73.978776
232,4517,40.68989,-73.91458
233,4519,40.690725,-73.951334
234,4526,40.69047,-73.923511
235,4528,40.690648,-73.957462
236,4531,40.690892,-73.996123
237,4546,40.691782,-73.97373
238,4550,40.68929,-73.90951
239,4553,40.691283,-73.945242
240,4560,40.69122,-73.91693
241,4565,40.69102925677968,-73.99183362722397
242,4568,40.692,-73.92617
243,4582,40.69081,-73.90448
244,4587,40.69178,-73.97877
245,4590,40.692316,-74.014865
246,4591,40.69055,-73.91181
247,4596,40.69221589,-73.9842844
248,4600,40.69146,-73.92146
249,4605,40.69239502,-73.99337909
250,4608,40.69329,-73.92852
251,4611,40.69196,-73.965368
252,4614,40.69165183,-73.9999786
253,4617,40.69237074,-73.93705428
254,4620,40.693082,-73.971789
255,4623,40.693,-73.90824
256,4628,40.691965,-73.981301
257,4632,40.69296,-73.91605
258,4634,40.69331716,-73.95381995
259,4637,40.692418,-73.989494
260,4640,40.69356,-73.92524
261,4645,40.695128,-73.99595
262,4651,40.693261,-73.968896
263,4654,40.69517,-73.90311
264,4656,40.6933982,-73.939877
265,4659,40.69327,-73.977039
266,4663,40.69545,-73.91164
267,4665,40.694254,-73.946269
268,4668,40.694749,-73.983625
269,4672,40.69543,-73.9196
270,4677,40.6942715,-73.9923272
271,4680,40.69502,-73.92825
272,4683,40.693631,-73.962235
273,4689,40.69544,-73.93223
274,4692,40.69573398,-73.97129668
275,4695,40.69467,-73.90663
276,4697,40.696229,-73.94371
277,4700,40.696089,-73.978034
278,4707,40.69539817,-73.94954908
279,4710,40.695065,-73.987167
280,4713,40.69676,-73.92302
281,4715,40.694546087246025,-73.95801365375519
282,4718,40.695356,-73.99344
283,4721,40.69671,-73.92807
284,4724,40.696102,-73.96751
285,4729,40.69682,-73.937569
286,4732,40.695807,-73.973556
287,4735,40.69811,-73.90904
288,4743,40.69714,-73.91566
289,4748,40.69623297129316,-73.99142056703568
290,4751,40.697842,-73.926241
291,4756,40.698458,-73.997178
292,4759,40.69757,-73.93098
293,4762,40.69794,-73.96986848
294,4765,40.69812,-73.90271
295,4768,40.698617,-73.941342
296,4775,40.698,-73.9127
297,4781,40.69766564,-73.98476437
298,4784,40.698568,-73.918877
299,4789,40.697601,-73.993446
300,4792,40.700003,-73.92834
301,4798,40.6988,-73.9007
302,4801,40.697481,-73.935877
303,4804,40.69985,-73.97141
304,4807,40.70068,-73.90742
305,4812,40.698399,-73.980689
306,4816,40.69943,-73.91337
307,4818,40.70029511,-73.95032283
308,4821,40.69991755,-73.98971773
309,4824,40.699304,-73.923044
310,4829,40.700378,-73.99548
311,4832,40.70112,-73.93039
312,4837,40.69969,-73.9022
313,4840,40.70099,-73.93921
314,4846,40.701221,-74.012342
315,4847,40.699871,-73.911719
316,4850,40.69957608,-73.94708417
317,4853,40.70133448066992,-73.98471236228943
318,4856,40.70108,-73.9179
319,4861,40.7003,-73.991581
320,4864,40.70166,-73.92754
321,4873,40.70106,-73.93318
322,4880,40.70183,-73.90625
323,4883,40.701666,-73.94373
324,4889,40.701907,-74.013942
325,4890,40.70113,-73.91422
326,4895,40.701403,-73.986727
327,4898,40.7027,-73.92095
328,4903,40.702709,-73.99253
329,4906,40.702997,-73.92997
330,4914,40.70076,-73.93641
331,4921,40.701573,-73.908762
332,4927,40.70224,-73.982578
333,4931,40.703545,-73.917775
334,4936,40.70255,-73.989402
335,4939,40.702013,-73.923769
336,4947,40.702831,-73.9333
337,4953,40.70437,-74.00637
338,4954,40.70408,-73.90408
339,4956,40.7031724,-73.940636
340,4962,40.70255,-74.012723
341,4963,40.70461,-73.91054
342,4965,40.70411791,-73.94818595
343,4968,40.70296934155272,-73.98469090461731
344,4971,40.704876,-73.919911
345,4979,40.704425,-73.92836
346,4987,40.704508,-73.9351
347,4990,40.705312,-73.971001
348,4993,40.703366,-74.007867
349,4994,40.70413,-73.90737
350,4996,40.705109,-73.944073
351,5001,40.705692,-74.016776
352,5002,40.70577,-73.91292
353,5004,40.70538,-73.949765
354,5010,40.705614,-73.92153
355,5018,40.70539,-73.92976
356,5024,40.70531,-74.006126
357,5025,40.70555,-73.90245
358,5027,40.705517,-73.93936
359,5034,40.70553,-73.9096
360,5036,40.70583339,-73.94644578
361,5043,40.70636,-73.91945
362,5045,40.706842,-73.954435
363,5051,40.70538,-73.92535
364,5059,40.706237,-73.933871
365,5062,40.707644,-73.968415
366,5065,40.707064,-74.007318
367,5066,40.70694,-73.90632
368,5068,40.707678,-73.940162
369,5074,40.70793,-73.91092
370,5082,40.70907,-73.92157
371,5084,40.707087,-73.957967
372,5090,40.70686,-73.92851
373,5093,40.70853074,-73.96408963
374,5096,40.708485,-74.002751
375,5099,40.707174,-73.93581
376,5105,40.70858894240581,-74.00935482235809
377,5106,40.709697,-73.907856
378,5108,40.708703,-73.944862
379,5114,40.70834698,-74.01713445
380,5115,40.70863,-73.91497
381,5117,40.708771,-73.950953
382,5123,40.70869,-73.92587
383,5125,40.709248,-73.960631
384,5128,40.711174,-73.996826
385,5137,40.710323,-74.004322
386,5140,40.709897,-73.94008
387,5145,40.709267,-74.013247
388,5146,40.70998,-73.91116
389,5148,40.710369,-73.94706
390,5156,40.70934,-73.95608
391,5159,40.711731,-73.99193
392,5164,40.71044554,-73.96525063
393,5167,40.711174,-74.000165
394,5170,40.710681,-73.93372
395,5175,40.711066,-74.009447
396,5178,40.711863,-73.944024
397,5181,40.712199,-73.979481
398,5184,40.711444,-74.014847
399,5187,40.711674,-73.951413
400,5190,40.711471,-73.986726
401,5198,40.71076228,-73.99400398
402,5204,40.712859,-73.965903
403,5207,40.71273266,-74.0046073
404,5210,40.71323,-73.93894
405,5216,40.71222,-74.010472
406,5225,40.71246,-73.91873
407,5235,40.71260486,-73.96264403
408,5238,40.713079,-73.998511
409,5241,40.71429,-73.93323
410,5247,40.71450451,-74.00562789
411,5250,40.71247661,-73.94100005
412,5259,40.713352,-73.949103
413,5262,40.713126,-73.984844
414,5267,40.71469,-73.95739
415,5270,40.715816,-73.994224
416,5273,40.71401,-73.92793
417,5279,40.714948,-74.002344
418,5282,40.713811,-73.93515
419,5288,40.713341,-74.009355
420,5291,40.715143,-73.944507
421,5294,40.714211,-73.981095
422,5297,40.7153379,-74.01658354
423,5300,40.714133,-73.952344
424,5303,40.71559509,-73.9870295
425,5308,40.71534825,-73.96024116
426,5323,40.715353,-73.93856
427,5326,40.71782143,-73.97628939
428,5329,40.714979,-74.013012
429,5332,40.71638,-73.948213
430,5335,40.71622644,-73.98261206
431,5342,40.71605866,-73.99190759
432,5348,40.716887,-73.963198
433,5351,40.71602118,-73.99974372
434,5354,40.716657,-73.93637
435,5359,40.717571,-74.005549
436,5362,40.71773,-73.94051
437,5365,40.717399,-73.980165
438,5371,40.717661,-73.9488
439,5374,40.7172274,-73.98802084
440,5379,40.717451,-73.958509
441,5382,40.717798,-73.993161
442,5391,40.71939226,-74.00247214
443,5400,40.717487,-74.010455
444,5403,40.719293,-73.945003
445,5406,40.71926,-73.98178
446,5411,40.718169,-73.955201
447,5414,40.720196,-73.989978
448,5422,40.71910537,-73.99973337
449,5430,40.719116,-74.006667
450,5433,40.71882,-73.93948
451,5436,40.720828,-73.977932
452,5442,40.719156,-73.948854
453,5445,40.720664,-73.98518
454,5450,40.72079821,-73.95484712
455,5453,40.718939,-73.992663
456,5470,40.721319,-74.010065
457,5473,40.72158,-73.94546
458,5476,40.720873,-73.980857
459,5481,40.721791,-73.950415
460,5484,40.722055,-73.989111
461,5489,40.720368,-73.961651
462,5492,40.722103786686034,-73.99724900722504
463,5500,40.72243797,-74.00566443
464,5503,40.72226,-73.93889
465,5506,40.72228,-73.976687
466,5515,40.722174,-73.983687
467,5520,40.724055,-73.955736
468,5523,40.722293,-73.991475
469,5532,40.723627,-73.999496
470,5539,40.721853,-74.007717
471,5542,40.72325,-73.94308
472,5545,40.722992,-73.979955
473,5550,40.7239567849954,-73.94984364509583
474,5553,40.72467721,-73.98783413
475,5561,40.72317958,-73.99480012
476,5569,40.724947,-74.001659
477,5575,40.725065,-73.975158
478,5578,40.72405549,-74.00965965
479,5581,40.72557,-73.94434
480,5584,40.724537,-73.981854
481,5593,40.726281,-73.98978
482,5610,40.724308321602166,-74.00473035871983
483,5613,40.72577,-73.94173
484,5616,40.725213,-73.977687
485,5623,40.724812564400175,-73.94752621650696
486,5626,40.725864,-73.986389
487,5633,40.72606,-73.95621
488,5636,40.72743423,-73.99379025
489,5644,40.726378,-74.000472
490,5653,40.725839,-74.007653
491,5659,40.727407,-73.98142
492,5666,40.727086,-73.952991
493,5669,40.7284186,-73.98713956
494,5679,40.727063,-73.996621
495,5687,40.727102,-74.00297
496,5696,40.7277140777778,-74.01129573583603
497,5709,40.72795,-73.95414
498,5712,40.729515,-73.990753
499,5721,40.72917025,-73.99810231
500,5730,40.728846,-74.008591
501,5736,40.729386,-73.977724
502,5743,40.72984,-73.94839
503,5746,40.729538,-73.984267
504,5752,40.72906,-73.95779
505,5755,40.731437,-73.994903
506,5763,40.730385,-74.002149
507,5769,40.730563,-73.973984
508,5772,40.73115,-74.00887
509,5779,40.731539,-73.985302
510,5785,40.73124,-73.95161
511,5788,40.732232,-73.988899
512,5794,40.731734785883454,-73.9612390102593
513,5797,40.732264,-73.998522
514,5805,40.731724,-74.006744
515,5820,40.731539,-73.985302
516,5826,40.73232194,-73.9550858
517,5838,40.732241,-74.000263
518,5847,40.73191132323174,-74.008769094944
519,5854,40.732339777151054,-73.97898383438587
520,5860,40.73396,-73.95204
521,5863,40.734232,-73.986923
522,5869,40.73266,-73.95826
523,5872,40.732758,-73.995816
524,5880,40.734011,-74.002938
525,5886,40.73314259,-73.97573881
526,5905,40.734545,-73.990741
527,5914,40.735324,-73.998004
528,5922,40.73535398,-74.00483091
529,5929,40.736502,-73.978095
530,5938,40.735367055605394,-73.98797392845154
531,5944,40.73564,-73.95866
532,5947,40.735445,-73.99431
533,5955,40.735918,-74.000939
534,5964,40.736197,-74.008592
535,5971,40.735876,-73.98205
536,5977,40.73555,-73.95284
537,5980,40.74025878,-73.98409214
538,5989,40.738046,-73.99643
539,6004,40.738177,-73.977387
540,6022,40.737262,-73.99239
541,6030,40.78057799010334,-73.98562431335449
542,6039,40.739323,-74.008119
543,6046,40.73912601,-73.97973776
544,6055,40.738274,-73.98752
545,6064,40.739713,-73.994564
546,6072,40.739017,-74.002638
547,6076,40.741283,-73.937258
548,6079,40.74144387,-73.97536082
549,6089,40.740259,-73.984092
550,6098,40.740343,-73.989551
551,6115,40.74275382865903,-74.00747358798981
552,6122,40.741724,-73.978093
553,6128,40.74252,-73.948852
554,6131,40.742751,-73.984715
555,6137,40.742374,-73.9566
556,6140,40.74173969,-73.99415556
557,6148,40.741776,-74.001497
558,6151,40.743,-73.93561
559,6157,40.74198159994023,-74.00831580162048
560,6164,40.743115,-73.982153
561,6170,40.742327,-73.954117
562,6173,40.742868,-73.989186
563,6179,40.74336608027021,-73.95960688591003
564,6182,40.742388,-73.997262
565,6190,40.7435337324616,-74.00367558002472
566,6197,40.742909,-73.977061
567,6203,40.745247,-73.947332
568,6206,40.744449,-73.983035
569,6212,40.74436328706688,-73.9558732509613
570,6215,40.743954,-73.991449
571,6224,40.743453,-74.00004
572,6227,40.74469738,-73.93540375
573,6230,40.751581,-73.97791
574,6233,40.743349,-74.006817
575,6237,40.7437524099784,-73.94176483154297
576,6239,40.74394314,-73.97966069
577,6247,40.746647,-73.993915
578,6248,40.7451677,-73.98683077
579,6254,40.745038,-73.957539
580,6257,40.744876,-73.995298
581,6266,40.745497,-74.001971
582,6278,40.748,-73.9460927
583,6280,40.745712,-73.981948
584,6286,40.74731,-73.95451
585,6289,40.7462,-73.988557
586,6297,40.747968,-73.996637
587,6303,40.74714,-73.97113
588,6306,40.74692,-74.004519
589,6310,40.7485,-73.941275
590,6313,40.747574,-73.978801
591,6319,40.74708586,-73.94977234
592,6322,40.747659,-73.984907
593,6331,40.749156,-73.9916
594,6345,40.748033,-73.973828
595,6352,40.747182,-73.943264
596,6361,40.74966,-73.9521
597,6364,40.749012,-73.988483
598,6379,40.750019,-73.969053
599,6382,40.749717,-74.00295
600,6389,40.7494985460252,-73.97729203113158
601,6395,40.75052534,-73.94594845
602,6398,40.75038009,-73.98338988
603,6401,40.750181,-73.919998
604,6407,40.75019995,-73.99093085
605,6416,40.7500727,-73.99839279
606,6422,40.750224,-73.971214
607,6425,40.751396,-74.005226
608,6429,40.751102,-73.940737
609,6432,40.755293,-73.967641
610,6435,40.751555,-73.915026
611,6438,40.751907,-73.947912
612,6441,40.752996,-73.987216
613,6450,40.7505853470215,-73.9946848154068
614,6453,40.752443,-73.929737
615,6459,40.752694,-74.002353
616,6462,40.753599,-73.937956
617,6464,40.752554,-73.972826
618,6471,40.75326,-73.943358
619,6474,40.752269,-73.982079
620,6483,40.752149,-73.989539
621,6486,40.752372,-73.925384
622,6495,40.751869,-73.933492
623,6498,40.753231,-73.970325
624,6505,40.752474,-73.939991
625,6511,40.753441,-73.912402
626,6514,40.755243,-73.948568
627,6517,40.75492,-73.98455
628,6520,40.754139,-73.919543
629,6526,40.75461,-73.99177
630,6529,40.753111,-73.927992
631,6532,40.754557,-73.96593
632,6536,40.754176,-73.900318
633,6538,40.75473,-73.93367
634,6541,40.754601,-73.971879
635,6545,40.754164,-73.908906
636,6551,40.75500254,-73.98014437
637,6554,40.75388,-73.914952
638,6560,40.7529728216068,-73.98734897375107
639,6563,40.755733,-73.923661
640,6566,40.753702,-73.958652
641,6569,40.754145,-73.996089
642,6572,40.756513,-73.929575
643,6575,40.755293,-73.967641
644,6578,40.75594159,-74.0021163
645,6579,40.75574,-73.903427
646,6581,40.756351,-73.936515
647,6584,40.755102,-73.974986
648,6587,40.755389,-73.911517
649,6593,40.756951,-73.982631
650,6596,40.754795,-73.917014
651,6599,40.757284,-73.9536
652,6602,40.756405,-73.990026
653,6605,40.756933,-73.926223
654,6608,40.756265,-73.964179
655,6611,40.75660359,-73.9979009
656,6614,40.757186,-73.932719
657,6617,40.758281,-73.970694
658,6621,40.757357,-73.904726
659,6626,40.757246,-73.978059
660,6629,40.755763,-73.912715
661,6638,40.756913,-73.921631
662,6644,40.758985,-73.9938
663,6650,40.75797322,-73.96603308
664,6654,40.757525,-73.901614
665,6656,40.757631,-73.939122
666,6659,40.757147,-73.972078
667,6662,40.757764,-73.907654
668,6664,40.75742,-73.945133
669,6667,40.75793646243674,-73.97960275411606
670,6670,40.757728,-73.916636
671,6676,40.75929124,-73.98859651
672,6679,40.7580583,-73.9242751
673,6682,40.758923,-73.962262
674,6688,40.759628,-73.932146
675,6691,40.75934501,-73.96759673
676,6700,40.75969995906254,-73.97808194160461
677,6703,40.76072,-73.910989
678,6708,40.760683,-73.984527
679,6711,40.759058,-73.918975
680,6717,40.760192,-73.991255
681,6720,40.759604,-73.927144
682,6723,40.759125,-73.962658
683,6726,40.76030096,-73.99884222
684,6729,40.760185,-73.936272
685,6732,40.761573,-73.972628
686,6735,40.760083,-73.907107
687,6737,40.761438,-73.941127
688,6740,40.761329,-73.97982
689,6743,40.7595701,-73.9142678
690,6747,40.762272,-73.987882
691,6750,40.760339,-73.922243
692,6753,40.761227,-73.96094
693,6756,40.762009,-73.996975
694,6759,40.76108,-73.930562
695,6762,40.763126,-73.965269
696,6765,40.760875,-74.002776
697,6766,40.762507,-73.902534
698,6774,40.761294,-73.909562
699,6779,40.762288,-73.983361
700,6782,40.7611488,-73.9170071
701,6789,40.761584,-73.925921
702,6795,40.76341379,-73.99667444
703,6798,40.7628138,-73.9342862
704,6801,40.76350532,-73.97109243
705,6804,40.764496,-73.904632
706,6806,40.76315481910373,-73.93985509872437
707,6809,40.763189,-73.978434
708,6812,40.763422,-73.914142
709,6814,40.763908,-73.947721
710,6816,40.76370739,-73.9851615
711,6819,40.763154,-73.920827
712,6822,40.765005,-73.958184
713,6824,40.76269882,-73.99301222
714,6827,40.763359,-73.928647
715,6830,40.763954,-73.9646
716,6836,40.763875,-73.936484
717,6839,40.764397,-73.973715
718,6842,40.763328,-73.908782
719,6847,40.7652654,-73.98192338
720,6850,40.764174,-73.915839
721,6854,40.763604,-73.989179
722,6857,40.7647,-73.9240312
723,6860,40.764718,-73.96222
724,6865,40.7659,-73.930819
725,6873,40.76535380385866,-73.93986314535141
726,6876,40.765909,-73.976342
727,6879,40.76408932350688,-73.91065120697021
728,6887,40.765476,-73.918116
729,6889,40.766638,-73.953482
730,6890,40.76669671,-73.99061728
731,6893,40.7658346,-73.9265474
732,6896,40.767128,-73.962246
733,6901,40.7668,-73.9347774
734,6904,40.766368,-73.971518
735,6907,40.765753,-73.90676
736,6912,40.766741,-73.979069
737,6915,40.7656251,-73.9136695
738,6920,40.76584941,-73.98690506
739,6923,40.767548,-73.920933
740,6925,40.768762,-73.958407
741,6926,40.76727216,-73.99392888
742,6927,40.768442,-73.893531
743,6929,40.766824,-73.930486
744,6932,40.769157,-73.967035
745,6935,40.769219,-73.901001
746,6937,40.7671863,-73.9373554
747,6943,40.767666,-73.910963
748,6948,40.766953,-73.981693
749,6951,40.7671,-73.9169858
750,6953,40.7689738,-73.95482273
751,6955,40.768333,-73.992573
752,6958,40.768692,-73.924957
753,6960,40.768736,-73.961199
754,6964,40.76817,-73.896293
755,6966,40.7682,-73.9322662
756,6969,40.768009,-73.968453
757,6981,40.770147,-73.912093
758,6989,40.7699176,-73.9184057
759,6991,40.77112927,-73.95772297
760,6994,40.768728,-73.890745
761,6996,40.770374,-73.928607
762,6998,40.771182,-73.964094
763,7003,40.769247,-73.93545
764,7009,40.771394,-73.907744
765,7018,40.771153,-73.917007
766,7020,40.771404,-73.953516
767,7023,40.770513,-73.988038
768,7026,40.771362,-73.924615
769,7028,40.769942,-73.960607
770,7032,40.77028,-73.893675
771,7039,40.771203,-73.903865
772,7047,40.773015,-73.91119
773,7049,40.77246,-73.94682
774,7052,40.77163851,-73.98261428
775,7057,40.772797,-73.955778
776,7059,40.771497,-73.99046
777,7060,40.770888,-73.889914
778,7062,40.772768,-73.927436
779,7066,40.772899,-73.896849
780,7068,40.7725996921817,-73.93266275525093
781,7074,40.772717,-73.906127
782,7079,40.773407,-73.977825
783,7082,40.77406,-73.914935
784,7084,40.7728384,-73.94989233
785,7092,40.773142,-73.958562
786,7098,40.773983,-73.930913
787,7100,40.808442,-73.945208
788,7111,40.774306,-73.908335
789,7113,40.775186,-73.944461
790,7116,40.77492513,-73.98266566
791,7119,40.7729,-73.916142
792,7121,40.774779,-73.954275
793,7123,40.775159,-73.989186
794,7126,40.774645,-73.923706
795,7128,40.773763,-73.962221
796,7132,40.77485,-73.9342
797,7137,40.774798,-73.903787
798,7141,40.775794,-73.976206
799,7144,40.774788,-73.912555
800,7146,40.77536905,-73.94803392
801,7149,40.774667,-73.984705
802,7152,40.774591,-73.918544
803,7154,40.77573,-73.956753
804,7159,40.7767,-73.927631
805,7161,40.776321,-73.964273
806,7163,40.775415,-73.900063
807,7170,40.776745,-73.906558
808,7175,40.777058,-73.978985
809,7178,40.776165,-73.915318
810,7180,40.77565541,-73.95068615
811,7183,40.777507,-73.988885
812,7186,40.777455,-73.92254
813,7188,40.776777,-73.959009
814,7196,40.777112,-73.902382
815,7202,40.77813,-73.90842
816,7204,40.777945,-73.946041
817,7207,40.77748046,-73.98288594
818,7210,40.778557,-73.919046
819,7212,40.778012,-73.954071
820,7220,40.778089,-73.899558
821,7226,40.779399,-73.905708
822,7230,40.778567,-73.97755
823,7233,40.7787185,-73.9145645
824,7235,40.778301,-73.948813
825,7243,40.778626,-73.95772
826,7253,40.77896784,-73.97374737
827,7260,40.779668,-73.98093
828,7265,40.780628,-73.952166
829,7271,40.77977,-73.923162
830,7281,40.7801839724239,-73.97728532552719
831,7284,40.780478,-73.912212
832,7286,40.781122,-73.949655
833,7288,40.780577,-73.985624
834,7291,40.78145,-73.9183302
835,7293,40.781410700190015,-73.95595908164978
836,7304,40.78275,-73.97137
837,7311,40.782535,-73.979085
838,7314,40.782465,-73.914527
839,7323,40.782323,-73.959875
840,7327,40.78294,-73.93077
841,7338,40.783964,-73.947167
842,7340,40.78414472,-73.98362492
843,7342,40.783956,-73.916894
844,7344,40.783501,-73.955327
845,7354,40.78476,-73.969862
846,7360,40.785247,-73.976673
847,7363,40.784003,-73.912297
848,7365,40.7859201,-73.94860294
849,7372,40.7857851,-73.957481
850,7382,40.784999,-73.972834
851,7386,40.786259,-73.945526
852,7388,40.787209,-73.981281
853,7391,40.785994,-73.915098
854,7393,40.787801,-73.953559
855,7407,40.786994,-73.941648
856,7409,40.7867947,-73.977112
857,7414,40.787721,-73.947283
858,7432,40.790179,-73.972889
859,7436,40.7892105,-73.94370784
860,7443,40.78948541553215,-73.95242929458618
861,7450,40.7949879,-73.9333349
862,7453,40.78866499127884,-73.96680057048798
863,7456,40.789252,-73.939562
864,7458,40.78839,-73.9747
865,7463,40.790305,-73.947558
866,7484,40.789622,-73.97757
867,7488,40.790483,-73.950331
868,7502,40.7921,-73.9739
869,7504,40.791976,-73.945993
870,7511,40.792255,-73.952499
871,7514,40.79346,-73.92389
872,7520,40.791955,-73.968087
873,7522,40.7923272,-73.9383
874,7524,40.793135,-73.977004
875,7528,40.7934337,-73.94945003
876,7538,40.795,-73.9645
877,7540,40.7945663,-73.9362541
878,7541,40.7937704,-73.971888
879,7543,40.795508,-73.941606
880,7563,40.796879,-73.937261
881,7567,40.795412,-73.944123
882,7571,40.79558,-73.91906
883,7577,40.79558954105342,-73.96188408136368
884,7579,40.797477,-73.931185
885,7580,40.797372,-73.970411
886,7587,40.796153,-73.947821
887,7595,40.7969347,-73.9643412291
888,7596,40.79747,-73.93504
889,7599,40.798944,-73.944846
890,7602,40.798786,-73.9523
891,7606,40.798185,-73.96059
892,7610,40.799041,-73.966494
893,7611,40.799139,-73.938915
894,7613,40.800425,-73.911034
895,7617,40.799484,-73.955613
896,7618,40.80046,-73.92404
897,7619,40.799756,-73.962112
898,7622,40.800672,-73.9349
899,7623,40.801343,-73.971145
900,7625,40.800539,-73.941995
901,7626,40.800933,-73.913863
902,7627,40.801194,-73.950074
903,7631,40.801694,-73.957145
904,7634,40.800836,-73.966449
905,7636,40.802926,-73.9379
906,7639,40.801657,-73.909513
907,7640,40.801486,-73.94425
908,7642,40.80262,-73.9174
909,7643,40.802535,-73.9532423
910,7646,40.802692,-73.96295
911,7648,40.802554,-73.933509
912,7650,40.802117,-73.968181
913,7652,40.8013066,-73.9398167
914,7654,40.804168,-73.911545
915,7655,40.802556,-73.949078
916,7657,40.803399,-73.919763
917,7658,40.803865,-73.95593
918,7662,40.805726,-73.936322
919,7667,40.80295,-73.942954
920,7669,40.805559,-73.914718
921,7670,40.804372,-73.951475
922,7680,40.804213,-73.96699104
923,7682,40.804555,-73.939686
924,7685,40.804038,-73.945925
925,7687,40.805089,-73.918889
926,7688,40.805159,-73.954692
927,7691,40.805701,-73.925177
928,7692,40.8067581,-73.9607082
929,7696,40.805631,-73.934077
930,7701,40.80698,-73.941747
931,7703,40.806896,-73.911837
932,7704,40.8078316,-73.949373
933,7707,40.807408,-73.91924
934,7712,40.807466,-73.927107
935,7713,40.8082,-73.9641
936,7716,40.806414,-73.936085
937,7719,40.807347437082,-73.90809774398804
938,7720,40.808442,-73.945208
939,7722,40.808633,-73.916124
940,7723,40.809725,-73.953149
941,7726,40.808384,-73.923604
942,7727,40.808625,-73.959621
943,7735,40.80756,-73.939182
944,7737,40.808891,-73.91081
945,7738,40.809495,-73.947765
946,7740,40.809619,-73.917875
947,7741,40.81028506306003,-73.95736455917358
948,7744,40.810893,-73.927311
949,7745,40.8109494,-73.9634
950,7748,40.810224,-73.937195
951,7751,40.811314,-73.907729
952,7753,40.8107922,-73.9430681
953,7755,40.811112,-73.914932
954,7756,40.811432,-73.951878
955,7759,40.81093,-73.921606
956,7767,40.812769,-73.901583
957,7769,40.812191,-73.937838
958,7774,40.812346,-73.946168
959,7777,40.811675,-73.917037
960,7781,40.812735,-73.923697
961,7783,40.812056,-73.961255
962,7788,40.811892,-73.904192
963,7790,40.81296,-73.941878
964,7793,40.814046,-73.91186
965,7795,40.8125511,-73.9492286
966,7798,40.812299,-73.92037
967,7800,40.813358,-73.956461
968,7803,40.813224,-73.930605
969,7807,40.815077,-73.899939
970,7809,40.81449,-73.936153
971,7812,40.813135,-73.909235
972,7814,40.813539,-73.94521
973,7816,40.814383,-73.915368
974,7818,40.814394,-73.953247
975,7820,40.813991,-73.8855
976,7821,40.814469,-73.924963
977,7823,40.8143256,-73.9590255
978,7830,40.814232,-73.903927
979,7832,40.813619,-73.939336
980,7835,40.815887,-73.911918
981,7837,40.816234,-73.948222
982,7840,40.814673,-73.91839
983,7842,40.816355,-73.954295
984,7844,40.816126,-73.891559
985,7845,40.81687039466032,-73.92798498272896
986,7849,40.816343,-73.896447
987,7851,40.815484,-73.935856
988,7853,40.816124,-73.908116
989,7855,40.81695971032464,-73.9422959089279
990,7858,40.817166,-73.914737
991,7860,40.818215,-73.950988
992,7863,40.81734,-73.922962
993,7865,40.817555,-73.957163
994,7867,40.818185,-73.894143
995,7868,40.817755,-73.92965
996,7870,40.81899,-73.90202
997,7872,40.817245,-73.938787
998,7876,40.81900581806558,-73.94476890563965
999,7879,40.816827,-73.917338
1000,7881,40.818212,-73.955277
1001,7883,40.81872569990116,-73.88862490653992
1002,7884,40.818154,-73.925294
1003,7886,40.818299,-73.960405
1004,7888,40.819999,-73.897263
1005,7891,40.817802,-73.905203
1006,7893,40.819241,-73.941057
1007,7896,40.819823,-73.912411
1008,7898,40.818477,-73.947568
1009,7901,40.820036,-73.921411
1010,7903,40.8190344,-73.956156
1011,7905,40.818743,-73.890247
1012,7906,40.820089,-73.928947
1013,7909,40.819701,-73.901311
1014,7910,40.819783,-73.936521
1015,7913,40.81989,-73.908351
1016,7915,40.820681,-73.945144
1017,7918,40.819609,-73.916071
1018,7920,40.821728,-73.952761
1019,7922,40.820578,-73.888271
1020,7925,40.820003,-73.959089
1021,7927,40.821075,-73.895069
1022,7931,40.820302,-73.903944
1023,7932,40.820877,-73.939249
1024,7935,40.820713,-73.911759
1025,7937,40.821294,-73.947868
1026,7940,40.82057,-73.917579
1027,7942,40.823168,-73.955857
1028,7944,40.821952,-73.888546
1029,7945,40.822351,-73.926907
1030,7948,40.821967,-73.896752
1031,7952,40.82188,-73.907521
1032,7954,40.823061,-73.941928
1033,7957,40.822215,-73.914688
1034,7959,40.822756,-73.951346
1035,7962,40.823162,-73.923267
1036,7966,40.82394,-73.894025
1037,7967,40.822217,-73.928939
1038,7970,40.822545,-73.901824
1039,7971,40.82281,-73.937413
1040,7974,40.823872,-73.908699
1041,7976,40.823498,-73.94386
1042,7979,40.822267,-73.916792
1043,7981,40.824686,-73.951947
1044,7983,40.825322,-73.887729
1045,7984,40.823429,-73.924689
1046,7987,40.823926,-73.897366
1047,7991,40.824796,-73.90242
1048,7992,40.825125,-73.941616
1049,7995,40.824,-73.91089
1050,7997,40.825244,-73.947257
1051,8000,40.823732,-73.919379
1052,8004,40.824956,-73.891677
1053,8005,40.82441,-73.92818
1054,8008,40.826303,-73.898751
1055,8009,40.825289,-73.936232
1056,8012,40.82696,-73.907451
1057,8013,40.827212,-73.942722
1058,8016,40.825716,-73.915585
1059,8018,40.827305,-73.951989
1060,8020,40.827629,-73.886659
1061,8021,40.827115,-73.92272
1062,8024,40.827184,-73.893721
1063,8025,40.826677,-73.929327
1064,8029,40.826406,-73.937948
1065,8033,40.827075,-73.945909
1066,8036,40.827230499624726,-73.91765579597632
1067,8040,40.826706,-73.888719
1068,8041,40.827883,-73.927111
1069,8044,40.827301,-73.896372
1070,8048,40.82895,-73.90521
1071,8049,40.82831,-73.942924
1072,8052,40.828975,-73.911259
1073,8054,40.829114,-73.950426
1074,8057,40.829608,-73.921461
1075,8060,40.830051,-73.892103
1076,8061,40.830179,-73.928747
1077,8064,40.82995,-73.898802
1078,8065,40.82923,-73.936996
1079,8068,40.829896,-73.907618
1080,8069,40.829523,-73.944279
1081,8072,40.831305,-73.917447
1082,8076,40.830025,-73.886312
1083,8077,40.830262,-73.923391
1084,8080,40.830529,-73.894717
1085,8081,40.829797,-73.931015
1086,8084,40.830471,-73.904556
1087,8085,40.830476,-73.939929
1088,8088,40.83094,-73.91125
1089,8089,40.831327,-73.946665
1090,8092,40.83196,-73.91956
1091,8095,40.832171,-73.889686
1092,8096,40.832057,-73.927421
1093,8099,40.831762,-73.896853
1094,8100,40.830702,-73.936371
1095,8103,40.832678,-73.905158
1096,8104,40.832081,-73.942386
1097,8107,40.831584,-73.9149
1098,8108,40.832164,-73.949702
1099,8110,40.832649,-73.885272
1100,8111,40.83406,-73.92243
1101,8114,40.831998,-73.892686
1102,8115,40.832812,-73.929372
1103,8118,40.83171,-73.90208
1104,8119,40.833303,-73.939326
1105,8122,40.834015,-73.908863
1106,8123,40.83299,-73.94592
1107,8126,40.834263,-73.917641
1108,8129,40.834124,-73.88955
1109,8130,40.83263,-73.925101
1110,8133,40.833246,-73.896599
1111,8137,40.834857,-73.903743
1112,8138,40.834468,-73.939865
1113,8141,40.83579,-73.913741
1114,8144,40.836274,-73.884308
1115,8145,40.833909,-73.92112
1116,8149,40.834457,-73.928381
1117,8152,40.83545,-73.90153
1118,8153,40.835798,-73.937496
1119,8156,40.83617913677475,-73.90730146322765
1120,8157,40.835775,-73.9434
1121,8160,40.835334,-73.9154
1122,8163,40.836733,-73.887931
1123,8167,40.835877,-73.893143
1124,8171,40.837119,-73.902185
1125,8172,40.83618,-73.939789
1126,8175,40.837576,-73.910489
1127,8179,40.83649,-73.918316
1128,8182,40.837037,-73.890413
1129,8183,40.836705,-73.926088
1130,8186,40.839229,-73.899047
1131,8187,40.838191,-73.936085
1132,8190,40.838379,-73.905838
1133,8191,40.839137,-73.941409
1134,8194,40.839549,-73.913004
1135,8196,40.839335,-73.886445
1136,8198,40.839312,-73.922423
1137,8205,40.839586,-73.900277
1138,8206,40.840124,-73.93949
1139,8209,40.83899,-73.9109
1140,8210,40.839278,-73.945446
1141,8213,40.840484,-73.917946
1142,8216,40.839194,-73.888587
1143,8218,40.839142,-73.925961
1144,8225,40.83999,-73.90549
1145,8226,40.84004,-73.942939
1146,8229,40.840494,-73.911479
1147,8233,40.840536,-73.919228
1148,8236,40.841092,-73.892317
1149,8241,40.84224,-73.8985
1150,8242,40.842173,-73.935111
1151,8245,40.842675,-73.908544
1152,8249,40.840683,-73.915073
1153,8254,40.84207,-73.926075
1154,8262,40.842941,-73.938631
1155,8265,40.84301,-73.91172
1156,8269,40.844075,-73.917256
1157,8277,40.843079,-73.900216
1158,8278,40.844044,-73.933651
1159,8281,40.843264,-73.904867
1160,8282,40.842842,-73.942125
1161,8285,40.844811,-73.912042
1162,8290,40.843965,-73.920999
1163,8299,40.846052,-73.937648
1164,8303,40.846221,-73.909232
1165,8307,40.84552,-73.91722
1166,8316,40.847305,-73.933291
1167,8319,40.846465,-73.903869
1168,8320,40.84522,-73.940493
1169,8323,40.84741,-73.911359
1170,8327,40.846011,-73.919637
1171,8336,40.848467,-73.936064
1172,8340,40.846879,-73.907342
1173,8344,40.8496401,-73.9161206
1174,8348,40.847746,-73.922079
1175,8353,40.847396,-73.931205
1176,8356,40.847798,-73.901883
1177,8358,40.848282,-73.941343
1178,8362,40.850121,-73.910765
1179,8366,40.848354,-73.918389
1180,8379,40.850885,-73.906469
1181,8381,40.85168,-73.94186
1182,8384,40.850036,-73.912785
1183,8394,40.851113,-73.928808
1184,8397,40.850535,-73.901318
1185,8399,40.852252,-73.937854
1186,8403,40.851747,-73.908964
1187,8407,40.851788,-73.916418
1188,8416,40.852538,-73.93441
1189,8425,40.853686,-73.912498
1190,8428,40.853157,-73.918214
1191,8432,40.853142,-73.927094
1192,8435,40.853929,-73.898385
1193,8441,40.853646,-73.908731
1194,8453,40.854788,-73.929513
1195,8456,40.8549,-73.90281
1196,8458,40.855331,-73.937878
1197,8462,40.85501,-73.910751
1198,8465,40.854947,-73.916661
1199,8469,40.85564,-73.927128
1200,8472,40.856987,-73.898237
1201,8474,40.856487,-73.93297
1202,8478,40.855653,-73.905528
1203,8483,40.855156,-73.91278
1204,8491,40.857158,-73.927174
1205,8494,40.8558,-73.89956
1206,8496,40.856906,-73.935662
1207,8500,40.856302,-73.907302
1208,8507,40.858904,-73.923093
1209,8510,40.858498,-73.89637
1210,8511,40.857994,-73.932173
1211,8514,40.858472,-73.90266
1212,8520,40.85834,-73.91008
1213,8528,40.86012,-73.928489
1214,8532,40.859166,-73.933872
1215,8535,40.85834,-73.90626
1216,8539,40.859532,-73.913303
1217,8543,40.861282,-73.921418
1218,8546,40.861915,-73.894831
1219,8547,40.862058,-73.929719
1220,8550,40.860814,-73.902541
1221,8555,40.8604244,-73.9093359997
1222,8563,40.861382,-73.925591
1223,8566,40.861669,-73.898589
1224,8571,40.86288,-73.90316
1225,8575,40.86156,-73.91219
1226,8579,40.862562,-73.922661
1227,8582,40.86389,-73.89246
1228,8583,40.863124,-73.926994
1229,8586,40.86448,-73.89522
1230,8590,40.86295,-73.90741
1231,8594,40.863089,-73.917583
1232,8597,40.86557,-73.88807
1233,8601,40.86448,-73.89522
1234,8605,40.8649213,-73.9024238
1235,8613,40.864632,-73.918598
1236,8615,40.86648,-73.89042
1237,8619,40.86659,-73.89794
1238,8624,40.8660052,-73.904254892
1239,8631,40.867,-73.8857764
1240,8632,40.866141,-73.922648
1241,8635,40.86767,-73.89286
1242,8636,40.867357,-73.92936
1243,8639,40.866899,-73.901942
1244,8643,40.86571,-73.90857
1245,8646,40.86814,-73.88145
1246,8647,40.867658,-73.916757
1247,8649,40.8684871,-73.8884559781
1248,8650,40.867505,-73.926363
1249,8653,40.86874,-73.89657
1250,8655,40.868846,-73.931537
1251,8664,40.86813,-73.88412
1252,8665,40.86788,-73.919685
1253,8667,40.86945,-73.89148
1254,8676,40.87069,-73.90678
1255,8679,40.869324,-73.915197
1256,8682,40.87002,-73.88565
1257,8696,40.871094,-73.911503
1258,8699,40.870495,-73.881875
1259,8703,40.87142,-73.88839
1260,8707,40.87156,-73.89714
1261,8711,40.873265,-73.906646
1262,8715,40.872412,-73.912807
1263,8717,40.87207,-73.88459
1264,8720,40.871445,-73.892896
1265,8732,40.873054,-73.918371
1266,8734,40.87307,-73.88971
1267,8738,40.87387,-73.89533
1268,8748,40.87407,-73.883365
1269,8752,40.87444,-73.89186
1270,8766,40.875531,-73.8863864831
1271,8778,40.87656,-73.88366
1272,8782,40.87704,-73.88943
1273,8795,40.87935,-73.88534
1274,8799,40.87812,-73.89192
1275,8811,40.880295,-73.886065
1276,8841,40.88226,-73.88702
