,start-date,start-hour,end-hour,step
0,2021-06-14,16,16,0
1,2021-06-14,19,20,1
2,2021-06-14,21,22,1
3,2021-06-15,0,0,0
4,2021-06-15,9,9,1
5,2021-06-15,16,16,0
6,2021-06-15,16,17,1
7,2021-06-15,17,17,-1
8,2021-06-15,17,18,1
9,2021-06-15,22,22,1
10,2021-06-16,1,1,1
11,2021-06-16,14,14,-1
12,2021-06-16,16,17,0
13,2021-06-16,20,20,-1
14,2021-06-16,22,22,0
15,2021-06-16,23,0,0
16,2021-06-17,0,0,0
17,2021-06-17,4,5,1
18,2021-06-17,9,10,1
19,2021-06-17,11,11,-1
20,2021-06-17,15,16,-1
21,2021-06-17,16,16,0
22,2021-06-17,17,17,-2
23,2021-06-17,18,18,0
24,2021-06-17,18,19,0
25,2021-06-17,20,20,-1
26,2021-06-17,20,21,1
27,2021-06-17,22,22,0
28,2021-06-17,22,23,3
29,2021-06-17,23,23,0
30,2021-06-18,1,1,1
31,2021-06-18,3,4,-1
32,2021-06-18,5,5,1
33,2021-06-18,5,6,-1
34,2021-06-18,9,9,-1
35,2021-06-18,11,12,-1
36,2021-06-18,13,14,0
37,2021-06-18,14,14,0
38,2021-06-18,16,17,-1
39,2021-06-18,17,17,0
40,2021-06-18,17,18,1
41,2021-06-18,18,18,3
42,2021-06-18,18,19,-1
43,2021-06-18,20,21,1
44,2021-06-18,21,21,2
45,2021-06-18,21,22,-1
46,2021-06-18,21,23,-1
47,2021-06-18,22,22,-1
48,2021-06-19,2,2,1
49,2021-06-19,6,6,-1
50,2021-06-19,13,13,-1
51,2021-06-19,15,15,1
52,2021-06-19,18,18,-1
53,2021-06-19,18,22,-1
54,2021-06-19,21,21,-1
55,2021-06-19,21,23,2
56,2021-06-20,0,0,0
57,2021-06-20,1,1,0
58,2021-06-20,6,6,-1
59,2021-06-20,11,11,2
60,2021-06-20,12,12,0
61,2021-06-20,15,15,1
62,2021-06-20,15,16,-2
63,2021-06-20,15,19,-1
64,2021-06-20,17,17,-1
65,2021-06-20,18,18,-1
66,2021-06-20,22,22,3
67,2021-06-20,23,0,0
68,2021-06-20,23,1,0
69,2021-06-21,0,0,0
70,2021-06-21,6,6,-1
71,2021-06-21,8,8,-1
72,2021-06-21,13,13,-1
73,2021-06-21,15,15,-1
74,2021-06-21,18,19,1
75,2021-06-21,20,20,1
76,2021-06-21,22,23,-1
77,2021-06-22,11,12,1
78,2021-06-22,13,14,1
79,2021-06-22,16,16,0
80,2021-06-22,18,18,-1
81,2021-06-22,20,20,0
82,2021-06-22,21,21,0
83,2021-06-22,21,22,0
84,2021-06-23,0,0,1
85,2021-06-23,6,6,1
86,2021-06-23,9,9,-1
87,2021-06-23,9,10,1
88,2021-06-23,14,15,-1
89,2021-06-23,17,17,-2
90,2021-06-23,17,18,1
91,2021-06-23,18,18,1
92,2021-06-23,19,20,1
93,2021-06-23,19,21,1
94,2021-06-23,20,20,-1
95,2021-06-23,20,21,0
96,2021-06-23,21,21,-1
97,2021-06-23,21,22,1
98,2021-06-23,23,23,2
99,2021-06-24,0,0,-3
100,2021-06-24,7,7,-1
101,2021-06-24,10,11,-2
102,2021-06-24,13,15,1
103,2021-06-24,14,14,1
104,2021-06-24,15,15,0
105,2021-06-24,16,16,-1
106,2021-06-24,16,17,1
107,2021-06-24,17,17,-3
108,2021-06-24,18,18,-1
109,2021-06-24,18,19,1
110,2021-06-24,19,19,1
111,2021-06-24,20,20,1
112,2021-06-24,20,21,0
113,2021-06-24,21,21,-1
114,2021-06-24,21,22,0
115,2021-06-24,23,23,2
116,2021-06-25,7,7,1
117,2021-06-25,11,11,0
118,2021-06-25,15,15,-1
119,2021-06-25,17,17,-1
120,2021-06-25,17,18,-1
121,2021-06-25,19,19,1
122,2021-06-25,19,20,1
123,2021-06-25,20,20,-1
124,2021-06-25,21,22,-1
125,2021-06-26,2,2,0
126,2021-06-26,6,6,-1
127,2021-06-26,11,12,1
128,2021-06-26,12,12,1
129,2021-06-26,13,13,-1
130,2021-06-26,23,0,1
131,2021-06-27,0,1,0
132,2021-06-27,6,6,-1
133,2021-06-27,11,11,1
134,2021-06-27,13,13,-1
135,2021-06-27,13,14,4
136,2021-06-27,14,15,3
137,2021-06-27,15,15,-2
138,2021-06-27,16,16,0
139,2021-06-27,16,17,-3
140,2021-06-27,17,17,1
141,2021-06-27,17,18,2
142,2021-06-27,18,18,1
143,2021-06-27,18,19,1
144,2021-06-27,19,19,-2
145,2021-06-27,19,20,2
146,2021-06-27,20,20,0
147,2021-06-27,20,21,-3
148,2021-06-27,22,22,-2
149,2021-06-27,23,0,1
150,2021-06-28,7,8,-1
151,2021-06-28,14,14,1
152,2021-06-28,15,15,-1
153,2021-06-28,16,16,1
154,2021-06-28,21,0,-1
155,2021-06-28,22,23,1
156,2021-06-29,0,0,-1
157,2021-06-29,0,2,1
158,2021-06-29,10,11,1
159,2021-06-29,13,13,1
160,2021-06-29,14,15,0
161,2021-06-29,14,16,-2
162,2021-06-29,15,17,-1
163,2021-06-29,16,16,1
164,2021-06-29,17,17,-2
165,2021-06-29,17,18,-1
166,2021-06-29,18,18,-1
167,2021-06-29,19,19,1
168,2021-06-29,22,22,1
169,2021-06-30,0,0,0
170,2021-06-30,1,2,1
171,2021-06-30,2,2,-1
172,2021-06-30,10,10,1
173,2021-06-30,11,11,-1
174,2021-06-30,15,17,1
175,2021-06-30,20,20,-2
176,2021-06-30,22,22,0
177,2021-07-01,2,2,-1
178,2021-07-01,11,11,-1
179,2021-07-01,16,17,1
180,2021-07-01,20,20,2
181,2021-07-01,23,23,-2
182,2021-07-02,1,2,1
183,2021-07-02,6,6,-1
184,2021-07-02,8,8,-1
185,2021-07-02,12,13,0
186,2021-07-02,13,14,2
187,2021-07-02,14,15,0
188,2021-07-02,15,15,-1
189,2021-07-02,16,16,-1
190,2021-07-02,16,17,0
191,2021-07-02,18,18,-1
192,2021-07-02,19,19,-1
193,2021-07-02,21,21,-1
194,2021-07-02,22,22,1
195,2021-07-02,22,23,-1
196,2021-07-03,3,3,-1
197,2021-07-03,8,8,-1
198,2021-07-03,18,18,1
199,2021-07-03,20,20,-1
200,2021-07-03,21,22,1
201,2021-07-03,22,22,0
202,2021-07-04,2,2,-1
203,2021-07-04,6,7,1
204,2021-07-04,10,11,-1
205,2021-07-04,13,14,1
206,2021-07-04,15,16,1
207,2021-07-04,16,17,-1
208,2021-07-04,23,23,1
209,2021-07-05,0,0,-3
210,2021-07-05,17,17,-1
211,2021-07-05,21,21,1
212,2021-07-05,23,0,1
213,2021-07-05,23,23,1
214,2021-07-06,0,0,-1
215,2021-07-06,6,6,-2
216,2021-07-06,12,12,0
217,2021-07-06,15,16,-1
218,2021-07-07,0,1,1
219,2021-07-07,1,2,-1
220,2021-07-07,7,7,-1
221,2021-07-07,10,10,1
222,2021-07-07,12,12,1
223,2021-07-07,13,14,1
224,2021-07-07,14,15,-2
225,2021-07-07,20,20,3
226,2021-07-07,21,21,0
227,2021-07-08,1,1,0
228,2021-07-08,1,2,-1
229,2021-07-08,12,12,-1
230,2021-07-08,20,20,1
231,2021-07-08,22,22,1
232,2021-07-08,23,0,-1
233,2021-07-08,23,23,1
234,2021-07-09,12,12,1
235,2021-07-09,13,15,0
236,2021-07-09,14,14,-2
237,2021-07-09,14,15,1
238,2021-07-09,15,15,-2
239,2021-07-09,16,16,2
240,2021-07-09,18,19,1
241,2021-07-09,19,19,-2
242,2021-07-09,20,20,1
243,2021-07-09,20,21,0
244,2021-07-09,20,22,-1
245,2021-07-09,21,22,-1
246,2021-07-09,22,22,-1
247,2021-07-10,8,9,1
248,2021-07-10,14,15,1
249,2021-07-10,15,15,1
250,2021-07-10,16,16,-2
251,2021-07-10,17,17,1
252,2021-07-10,18,18,0
253,2021-07-10,20,20,1
254,2021-07-11,4,4,0
255,2021-07-11,14,14,1
256,2021-07-11,15,16,-1
257,2021-07-12,4,4,1
258,2021-07-12,6,6,-1
259,2021-07-12,14,14,1
260,2021-07-12,15,15,-1
261,2021-07-12,15,17,1
262,2021-07-12,18,19,1
263,2021-07-12,19,19,0
264,2021-07-12,19,21,0
265,2021-07-12,20,20,1
266,2021-07-12,21,21,-1
267,2021-07-12,23,0,0
268,2021-07-13,2,2,0
269,2021-07-13,12,12,2
270,2021-07-13,13,14,0
271,2021-07-13,18,19,1
272,2021-07-13,19,19,-1
273,2021-07-13,21,22,-1
274,2021-07-14,0,0,0
275,2021-07-14,2,3,-1
276,2021-07-14,5,6,0
277,2021-07-14,12,12,2
278,2021-07-14,12,13,-1
279,2021-07-14,13,13,-1
280,2021-07-14,17,17,1
281,2021-07-14,19,19,1
282,2021-07-14,20,21,1
283,2021-07-14,21,21,1
284,2021-07-14,22,22,1
285,2021-07-14,22,23,-1
286,2021-07-15,2,2,0
287,2021-07-15,2,3,-1
288,2021-07-15,2,4,-4
289,2021-07-15,6,6,-1
290,2021-07-15,9,10,-1
291,2021-07-15,11,11,1
292,2021-07-15,12,12,1
293,2021-07-15,15,15,-1
294,2021-07-15,17,17,-1
295,2021-07-15,20,20,2
296,2021-07-15,20,21,-1
297,2021-07-15,21,21,1
298,2021-07-15,21,22,0
299,2021-07-15,22,23,1
300,2021-07-15,23,23,1
301,2021-07-16,1,1,0
302,2021-07-16,3,3,-1
303,2021-07-16,3,6,-1
304,2021-07-16,9,9,2
305,2021-07-16,12,12,1
306,2021-07-16,14,15,-1
307,2021-07-16,15,15,-1
308,2021-07-16,16,17,1
309,2021-07-16,17,17,1
310,2021-07-16,17,18,-2
311,2021-07-16,19,20,1
312,2021-07-16,20,20,1
313,2021-07-16,20,21,-1
314,2021-07-16,21,21,1
315,2021-07-16,22,1,1
316,2021-07-16,23,0,0
317,2021-07-16,23,23,-1
318,2021-07-17,2,3,-1
319,2021-07-17,7,7,-1
320,2021-07-17,19,19,-1
321,2021-07-17,20,21,3
322,2021-07-18,1,1,-1
323,2021-07-18,2,2,-1
324,2021-07-18,5,5,1
325,2021-07-18,9,10,1
326,2021-07-18,12,12,-1
327,2021-07-18,14,15,1
328,2021-07-18,16,16,-1
329,2021-07-18,16,17,-3
330,2021-07-18,17,17,-1
331,2021-07-18,18,18,1
332,2021-07-18,20,20,-1
333,2021-07-18,22,22,1
334,2021-07-19,3,3,-1
335,2021-07-19,10,10,-1
336,2021-07-19,12,12,1
337,2021-07-19,13,14,-1
338,2021-07-19,20,20,-1
339,2021-07-19,21,21,1
340,2021-07-19,22,23,1
341,2021-07-20,7,7,-1
342,2021-07-20,8,8,-1
343,2021-07-20,9,10,1
344,2021-07-20,12,12,0
345,2021-07-20,12,13,-1
346,2021-07-20,15,16,1
347,2021-07-20,16,16,-1
348,2021-07-20,18,18,1
349,2021-07-20,19,19,1
350,2021-07-20,21,22,-2
351,2021-07-20,22,22,1
352,2021-07-21,0,0,0
353,2021-07-21,8,11,-1
354,2021-07-21,9,9,-1
355,2021-07-21,12,12,2
356,2021-07-21,14,14,-1
357,2021-07-21,17,17,2
358,2021-07-21,17,18,-1
359,2021-07-21,18,18,1
360,2021-07-21,19,19,-1
361,2021-07-21,20,20,-1
362,2021-07-21,20,21,1
363,2021-07-21,21,21,2
364,2021-07-21,23,23,1
365,2021-07-22,0,1,-1
366,2021-07-22,2,2,-1
367,2021-07-22,8,8,-1
368,2021-07-22,11,11,-1
369,2021-07-22,11,12,0
370,2021-07-22,12,12,-1
371,2021-07-22,14,15,2
372,2021-07-22,16,17,1
373,2021-07-22,17,17,-2
374,2021-07-22,19,19,-1
375,2021-07-22,22,22,1
376,2021-07-22,22,23,1
377,2021-07-23,0,0,0
378,2021-07-23,8,8,-2
379,2021-07-23,11,11,1
380,2021-07-23,12,13,1
381,2021-07-23,13,14,1
382,2021-07-23,13,15,-1
383,2021-07-23,13,16,-1
384,2021-07-23,15,15,1
385,2021-07-23,16,17,-2
386,2021-07-23,17,17,-1
387,2021-07-24,0,0,0
388,2021-07-24,6,7,1
389,2021-07-24,7,7,-1
390,2021-07-24,11,11,1
391,2021-07-24,12,12,-1
392,2021-07-24,14,14,1
393,2021-07-24,16,16,3
394,2021-07-24,16,17,-1
395,2021-07-24,18,18,1
396,2021-07-24,20,20,1
397,2021-07-24,21,21,-2
398,2021-07-24,22,23,0
399,2021-07-25,2,2,-2
400,2021-07-25,13,13,2
401,2021-07-25,13,14,-1
402,2021-07-25,14,14,-1
403,2021-07-25,18,18,1
404,2021-07-25,23,0,1
405,2021-07-26,0,0,0
406,2021-07-26,3,3,-1
407,2021-07-26,8,8,0
408,2021-07-26,14,14,-1
409,2021-07-26,16,16,1
410,2021-07-26,18,18,-1
411,2021-07-26,19,19,1
412,2021-07-26,20,21,-1
413,2021-07-26,22,22,1
414,2021-07-27,0,0,1
415,2021-07-27,1,1,-1
416,2021-07-27,7,7,-1
417,2021-07-27,9,9,1
418,2021-07-27,11,11,1
419,2021-07-27,17,17,-1
420,2021-07-27,19,19,3
421,2021-07-27,19,20,-1
422,2021-07-27,20,21,-1
423,2021-07-27,21,21,1
424,2021-07-27,22,22,0
425,2021-07-28,0,0,1
426,2021-07-28,7,7,-1
427,2021-07-28,8,8,-1
428,2021-07-28,17,17,0
429,2021-07-28,19,19,1
430,2021-07-28,19,20,-1
431,2021-07-28,20,20,1
432,2021-07-28,21,21,-1
433,2021-07-28,22,22,-1
434,2021-07-28,22,23,-1
435,2021-07-29,12,12,1
436,2021-07-29,21,21,-1
437,2021-07-30,12,13,1
438,2021-07-30,16,16,-1
439,2021-07-30,17,17,0
440,2021-07-30,20,20,1
441,2021-07-30,21,21,-1
442,2021-07-30,21,22,1
443,2021-07-30,22,22,-2
444,2021-07-31,10,10,1
445,2021-07-31,10,11,-1
446,2021-07-31,16,16,1
447,2021-07-31,16,17,-1
448,2021-07-31,20,20,2
449,2021-07-31,21,22,-1
450,2021-08-01,18,18,-1
451,2021-08-01,21,21,1
452,2021-08-01,23,23,-1
453,2021-08-02,1,1,1
454,2021-08-02,1,2,-1
455,2021-08-02,6,7,1
456,2021-08-02,8,8,-1
457,2021-08-02,17,18,1
458,2021-08-02,18,18,0
459,2021-08-02,19,20,-1
460,2021-08-03,0,0,1
461,2021-08-03,8,8,-1
462,2021-08-03,14,14,1
463,2021-08-03,18,18,-1
464,2021-08-03,20,20,1
465,2021-08-03,21,21,0
466,2021-08-03,23,0,2
467,2021-08-04,3,3,-1
468,2021-08-04,7,7,-1
469,2021-08-04,8,8,-1
470,2021-08-04,12,12,1
471,2021-08-04,12,13,-1
472,2021-08-04,15,16,2
473,2021-08-04,18,18,-1
474,2021-08-04,20,21,-1
475,2021-08-04,23,0,-1
476,2021-08-04,23,23,1
477,2021-08-05,18,18,2
478,2021-08-05,18,19,-1
479,2021-08-05,20,20,1
480,2021-08-05,22,0,-1
481,2021-08-05,22,22,-1
482,2021-08-06,8,8,0
483,2021-08-06,10,10,-1
484,2021-08-06,16,16,1
485,2021-08-06,17,18,-1
486,2021-08-06,20,20,2
487,2021-08-06,20,21,-1
488,2021-08-06,21,22,-1
489,2021-08-06,23,0,1
490,2021-08-07,0,0,1
491,2021-08-07,1,1,2
492,2021-08-07,8,8,0
493,2021-08-07,9,9,-1
494,2021-08-07,11,11,-2
495,2021-08-07,12,13,-1
496,2021-08-07,15,15,1
497,2021-08-07,16,17,2
498,2021-08-07,17,17,1
499,2021-08-07,17,18,-1
500,2021-08-07,20,20,0
501,2021-08-07,20,21,1
502,2021-08-07,21,21,1
503,2021-08-07,21,22,-1
504,2021-08-07,22,23,0
505,2021-08-07,23,0,-1
506,2021-08-08,9,9,1
507,2021-08-08,11,12,0
508,2021-08-08,12,12,0
509,2021-08-08,13,13,-1
510,2021-08-08,21,21,1
511,2021-08-08,22,23,-1
512,2021-08-09,15,15,1
513,2021-08-09,17,18,-2
514,2021-08-09,19,19,-1
515,2021-08-09,21,22,1
516,2021-08-09,23,0,-1
517,2021-08-09,23,23,1
518,2021-08-10,4,4,-1
519,2021-08-10,9,9,-1
520,2021-08-10,14,14,1
521,2021-08-10,14,15,-1
522,2021-08-10,20,21,1
523,2021-08-10,23,23,-1
524,2021-08-11,4,4,0
525,2021-08-12,13,13,1
526,2021-08-12,14,14,-1
527,2021-08-12,21,21,1
528,2021-08-13,3,3,1
529,2021-08-13,20,20,0
530,2021-08-13,20,21,1
531,2021-08-13,21,0,-1
532,2021-08-13,21,21,0
533,2021-08-13,22,22,-1
534,2021-08-13,23,0,1
535,2021-08-13,23,23,1
536,2021-08-14,11,11,-1
537,2021-08-14,12,13,-1
538,2021-08-14,14,14,-1
539,2021-08-14,15,15,1
540,2021-08-14,15,16,1
541,2021-08-14,16,16,0
542,2021-08-14,17,18,-1
543,2021-08-14,19,19,1
544,2021-08-14,20,20,-1
545,2021-08-14,21,21,0
546,2021-08-15,13,13,1
547,2021-08-15,17,17,1
548,2021-08-15,17,18,0
549,2021-08-15,17,20,0
550,2021-08-15,18,20,2
551,2021-08-15,19,20,-1
552,2021-08-15,20,20,1
553,2021-08-15,20,21,-1
554,2021-08-15,20,23,-1
555,2021-08-15,21,21,-1
556,2021-08-15,23,23,-1
557,2021-08-16,0,1,-1
558,2021-08-16,16,16,1
559,2021-08-16,17,18,1
560,2021-08-16,18,20,2
561,2021-08-16,21,21,0
562,2021-08-16,21,22,-1
563,2021-08-17,2,2,-1
564,2021-08-17,5,5,-1
565,2021-08-17,7,7,1
566,2021-08-17,7,8,-1
567,2021-08-17,15,15,-1
568,2021-08-18,9,9,1
569,2021-08-18,10,10,1
570,2021-08-18,11,11,-1
571,2021-08-18,16,16,-1
572,2021-08-18,17,18,1
573,2021-08-18,21,21,1
574,2021-08-18,22,23,-1
575,2021-08-19,0,0,-1
576,2021-08-19,20,20,1
577,2021-08-19,22,22,1
578,2021-08-19,22,23,-1
579,2021-08-20,5,5,-1
580,2021-08-20,7,8,1
581,2021-08-20,14,14,-1
582,2021-08-20,15,15,1
583,2021-08-20,15,16,1
584,2021-08-20,20,20,2
585,2021-08-20,20,21,-1
586,2021-08-20,21,21,0
587,2021-08-21,16,16,1
588,2021-08-21,17,17,-1
589,2021-08-22,18,18,0
590,2021-08-23,20,20,0
591,2021-08-23,21,21,0
592,2021-08-24,9,9,-1
593,2021-08-24,17,17,1
594,2021-08-24,17,18,-1
595,2021-08-24,21,22,2
596,2021-08-24,22,22,-1
597,2021-08-25,1,2,1
598,2021-08-25,8,8,-1
599,2021-08-25,12,12,1
600,2021-08-25,14,14,1
601,2021-08-25,14,15,0
602,2021-08-25,15,15,-2
603,2021-08-25,16,16,2
604,2021-08-25,17,17,1
605,2021-08-25,17,18,-1
606,2021-08-25,18,18,-1
607,2021-08-25,18,19,-1
608,2021-08-25,18,20,-1
609,2021-08-25,20,20,1
610,2021-08-25,21,22,1
611,2021-08-25,23,23,1
612,2021-08-26,8,8,-1
613,2021-08-26,8,9,-1
614,2021-08-26,10,10,0
615,2021-08-26,13,13,-1
616,2021-08-26,21,1,2
617,2021-08-27,6,6,-1
618,2021-08-27,8,8,-1
619,2021-08-27,10,10,1
620,2021-08-27,14,14,-1
621,2021-08-27,19,20,1
622,2021-08-27,21,21,0
623,2021-08-28,7,7,1
624,2021-08-28,8,8,0
625,2021-08-28,8,9,-1
626,2021-08-28,9,10,1
627,2021-08-28,11,11,-1
628,2021-08-28,13,13,1
629,2021-08-28,14,14,-1
630,2021-08-28,17,18,0
631,2021-08-28,20,20,-1
632,2021-08-28,22,22,1
633,2021-08-29,9,9,-1
634,2021-08-29,9,10,1
635,2021-08-29,14,14,0
636,2021-08-29,17,17,-1
637,2021-08-29,17,18,1
638,2021-08-29,18,18,-1
639,2021-08-29,19,19,2
640,2021-08-29,20,20,1
641,2021-08-29,20,21,0
642,2021-08-29,21,21,-2
643,2021-08-29,23,23,1
644,2021-08-30,0,1,-1
645,2021-08-30,5,5,-1
646,2021-08-30,13,13,1
647,2021-08-30,14,14,1
648,2021-08-30,15,15,-2
649,2021-08-30,17,17,3
650,2021-08-30,17,18,-1
651,2021-08-30,18,18,-1
652,2021-08-30,20,20,0
653,2021-08-30,20,21,1
654,2021-08-31,0,0,1
655,2021-08-31,0,1,1
656,2021-08-31,2,2,-1
657,2021-08-31,8,9,-1
658,2021-08-31,11,11,-1
659,2021-08-31,12,13,1
660,2021-08-31,14,17,1
661,2021-08-31,15,15,0
662,2021-08-31,16,16,-1
663,2021-08-31,17,17,1
664,2021-08-31,18,18,1
665,2021-08-31,18,19,-1
666,2021-08-31,20,20,0
667,2021-08-31,21,21,0
668,2021-08-31,21,22,-1
669,2021-08-31,23,23,0
670,2021-09-01,0,1,1
671,2021-09-01,1,1,0
672,2021-09-01,12,12,1
673,2021-09-01,14,15,-1
674,2021-09-01,19,19,1
675,2021-09-01,23,23,1
676,2021-09-02,4,5,1
677,2021-09-02,6,6,-1
678,2021-09-02,8,8,-1
679,2021-09-02,11,12,0
680,2021-09-02,11,13,0
681,2021-09-02,12,12,1
682,2021-09-02,12,13,-1
683,2021-09-02,14,14,-1
684,2021-09-02,18,18,1
685,2021-09-02,18,19,-1
686,2021-09-02,19,19,-1
687,2021-09-02,21,21,1
688,2021-09-02,22,0,0
689,2021-09-03,0,0,-1
690,2021-09-03,5,6,0
691,2021-09-03,10,11,1
692,2021-09-03,11,11,0
693,2021-09-03,12,12,1
694,2021-09-03,13,13,-2
695,2021-09-03,14,14,1
696,2021-09-03,15,15,-1
697,2021-09-03,15,16,1
698,2021-09-03,16,17,-1
699,2021-09-03,17,17,2
700,2021-09-03,20,21,0
701,2021-09-03,21,21,-1
702,2021-09-03,22,22,-1
703,2021-09-04,6,6,1
704,2021-09-04,9,9,1
705,2021-09-04,14,14,-2
706,2021-09-04,18,19,-2
707,2021-09-04,23,23,1
708,2021-09-05,3,3,1
709,2021-09-05,4,4,1
710,2021-09-05,10,11,-1
711,2021-09-05,13,14,-1
712,2021-09-05,15,15,-1
713,2021-09-06,0,0,1
714,2021-09-06,11,11,0
715,2021-09-06,15,15,-1
716,2021-09-06,17,17,1
717,2021-09-06,22,0,1
718,2021-09-06,22,22,-1
719,2021-09-07,1,1,1
720,2021-09-07,7,8,-1
721,2021-09-07,8,8,-1
722,2021-09-07,9,9,1
723,2021-09-07,11,11,1
724,2021-09-07,12,12,1
725,2021-09-07,15,15,1
726,2021-09-07,15,16,1
727,2021-09-07,16,17,0
728,2021-09-07,17,18,-1
729,2021-09-07,18,18,-1
730,2021-09-07,18,21,2
731,2021-09-07,19,20,1
732,2021-09-07,20,21,-2
733,2021-09-07,23,0,-1
734,2021-09-07,23,2,0
735,2021-09-07,23,23,1
736,2021-09-08,0,0,-2
737,2021-09-08,1,2,1
738,2021-09-08,6,6,-1
739,2021-09-08,7,7,-1
740,2021-09-08,8,8,-1
741,2021-09-08,12,13,1
742,2021-09-08,14,14,0
743,2021-09-08,15,15,0
744,2021-09-08,16,16,1
745,2021-09-08,16,17,2
746,2021-09-08,17,17,2
747,2021-09-08,17,18,-1
748,2021-09-08,18,18,1
749,2021-09-08,18,19,-2
750,2021-09-08,18,20,-1
751,2021-09-08,19,19,-1
752,2021-09-08,22,23,1
753,2021-09-09,0,0,-2
754,2021-09-09,0,1,2
755,2021-09-09,8,8,-1
756,2021-09-09,15,15,1
757,2021-09-09,16,17,0
758,2021-09-09,17,17,-1
759,2021-09-09,19,20,1
760,2021-09-09,19,21,3
761,2021-09-09,20,21,1
762,2021-09-09,22,22,-2
763,2021-09-09,23,0,-2
764,2021-09-10,0,0,-1
765,2021-09-10,1,1,-1
766,2021-09-10,8,8,-1
767,2021-09-10,9,10,1
768,2021-09-10,11,12,1
769,2021-09-10,12,12,-1
770,2021-09-10,13,13,1
771,2021-09-10,16,16,1
772,2021-09-10,16,17,1
773,2021-09-10,17,17,-2
774,2021-09-10,20,20,-1
775,2021-09-11,11,11,-1
776,2021-09-11,11,13,-1
777,2021-09-11,13,13,1
778,2021-09-11,15,15,-1
779,2021-09-11,16,16,1
780,2021-09-11,17,17,-1
781,2021-09-11,18,18,1
782,2021-09-11,21,21,1
783,2021-09-11,21,22,0
784,2021-09-11,22,23,-1
785,2021-09-11,23,23,-1
786,2021-09-12,1,2,1
787,2021-09-12,6,7,-1
788,2021-09-12,13,13,2
789,2021-09-12,14,14,-1
790,2021-09-12,15,15,-1
791,2021-09-12,16,16,0
792,2021-09-12,16,17,-3
793,2021-09-12,17,17,-1
794,2021-09-12,22,22,1
795,2021-09-12,22,23,0
796,2021-09-12,23,23,2
797,2021-09-13,4,4,0
798,2021-09-13,6,6,-1
799,2021-09-13,8,8,-1
800,2021-09-13,8,9,1
801,2021-09-13,9,10,-1
802,2021-09-13,14,14,1
803,2021-09-13,15,15,-1
804,2021-09-13,15,16,-1
805,2021-09-13,16,17,-1
806,2021-09-13,18,18,1
807,2021-09-13,18,19,-1
808,2021-09-13,19,19,1
809,2021-09-13,19,20,0
810,2021-09-13,22,22,1
811,2021-09-13,23,23,0
812,2021-09-14,7,8,-1
813,2021-09-14,8,8,-1
814,2021-09-14,11,11,2
815,2021-09-14,11,12,-1
816,2021-09-14,12,12,0
817,2021-09-14,15,15,-1
818,2021-09-14,16,16,1
819,2021-09-14,17,17,-1
820,2021-09-14,19,20,1
821,2021-09-14,21,21,1
822,2021-09-14,23,0,-1
823,2021-09-14,23,23,-1
824,2021-09-15,0,1,1
825,2021-09-15,1,2,1
826,2021-09-15,6,7,1
827,2021-09-15,7,7,0
828,2021-09-15,7,8,-2
829,2021-09-15,8,8,-1
830,2021-09-15,11,12,1
831,2021-09-15,12,12,-1
832,2021-09-15,14,14,-1
833,2021-09-15,17,17,-1
834,2021-09-15,17,21,-1
835,2021-09-15,20,20,-1
836,2021-09-15,20,21,1
837,2021-09-15,22,22,1
838,2021-09-16,6,6,-1
839,2021-09-16,16,17,-1
840,2021-09-16,17,17,-1
841,2021-09-16,17,18,1
842,2021-09-16,18,18,-1
843,2021-09-16,20,20,1
844,2021-09-16,22,22,-2
845,2021-09-16,23,23,-1
846,2021-09-17,0,0,1
847,2021-09-17,0,1,-1
848,2021-09-17,1,2,1
849,2021-09-17,7,8,1
850,2021-09-17,11,11,1
851,2021-09-17,14,14,1
852,2021-09-17,15,15,0
853,2021-09-17,16,16,0
854,2021-09-17,16,17,1
855,2021-09-17,17,18,-1
856,2021-09-17,18,19,1
857,2021-09-17,19,19,-1
858,2021-09-17,20,20,1
859,2021-09-17,22,22,-1
860,2021-09-17,23,23,1
861,2021-09-18,0,0,-1
862,2021-09-18,16,16,1
863,2021-09-18,16,17,-1
864,2021-09-19,3,4,-1
865,2021-09-19,12,12,-1
866,2021-09-19,18,18,1
867,2021-09-19,20,20,-1
868,2021-09-19,20,21,1
869,2021-09-19,21,21,-1
870,2021-09-19,23,23,0
871,2021-09-20,8,8,-1
872,2021-09-20,11,12,1
873,2021-09-20,13,13,1
874,2021-09-20,13,14,-1
875,2021-09-20,17,17,1
876,2021-09-20,18,18,-1
877,2021-09-20,20,23,-1
878,2021-09-20,21,21,1
879,2021-09-21,0,0,-1
880,2021-09-21,8,9,1
881,2021-09-21,9,9,1
882,2021-09-21,14,15,-1
883,2021-09-21,15,15,-1
884,2021-09-21,22,22,-1
885,2021-09-22,2,2,1
886,2021-09-22,7,7,-1
887,2021-09-22,9,10,1
888,2021-09-22,12,13,1
889,2021-09-22,15,15,-1
890,2021-09-22,17,17,-1
891,2021-09-22,19,19,1
892,2021-09-23,9,9,-1
893,2021-09-23,14,14,1
894,2021-09-23,16,16,1
895,2021-09-23,16,17,-1
896,2021-09-23,22,22,1
897,2021-09-24,7,7,-1
898,2021-09-24,8,8,1
899,2021-09-24,9,9,-1
900,2021-09-24,11,11,0
901,2021-09-24,14,14,1
902,2021-09-24,14,15,-1
903,2021-09-24,16,16,-1
904,2021-09-24,17,18,1
905,2021-09-24,18,18,0
906,2021-09-24,19,19,-1
907,2021-09-25,8,8,1
908,2021-09-25,8,9,-1
909,2021-09-25,18,19,1
910,2021-09-26,0,0,1
911,2021-09-26,10,10,1
912,2021-09-26,11,11,-3
913,2021-09-27,1,1,1
914,2021-09-27,8,8,-1
915,2021-09-27,11,11,1
916,2021-09-27,15,15,-1
917,2021-09-27,17,18,1
918,2021-09-27,19,19,2
919,2021-09-27,19,20,-2
920,2021-09-27,20,20,1
921,2021-09-27,21,21,-1
922,2021-09-28,0,1,-1
923,2021-09-28,17,17,1
924,2021-09-28,23,23,-1
925,2021-09-29,8,8,1
926,2021-09-29,9,9,-1
927,2021-09-29,22,22,1
928,2021-09-30,1,1,1
929,2021-09-30,6,6,-1
930,2021-09-30,9,9,-1
931,2021-09-30,20,20,1
932,2021-10-01,2,2,-1
933,2021-10-01,5,5,1
934,2021-10-01,14,14,1
935,2021-10-01,15,16,-1
936,2021-10-01,18,18,1
937,2021-10-01,22,22,-1
938,2021-10-02,5,5,1
939,2021-10-02,16,17,-1
940,2021-10-02,17,17,2
941,2021-10-02,18,19,1
942,2021-10-02,22,23,2
943,2021-10-03,3,3,-1
944,2021-10-03,8,8,-1
945,2021-10-03,10,10,1
946,2021-10-03,15,16,-2
947,2021-10-03,20,20,1
948,2021-10-03,21,21,-1
949,2021-10-04,0,0,-1
950,2021-10-04,11,12,1
951,2021-10-04,13,13,0
952,2021-10-04,14,14,1
953,2021-10-04,15,15,-1
954,2021-10-04,17,17,1
955,2021-10-04,18,18,-1
956,2021-10-05,12,13,-1
957,2021-10-05,17,17,0
958,2021-10-05,19,19,1
959,2021-10-05,19,20,-2
960,2021-10-06,20,20,1
961,2021-10-07,8,9,-1
962,2021-10-07,14,14,1
963,2021-10-07,15,15,1
964,2021-10-07,15,16,1
965,2021-10-07,16,16,-2
966,2021-10-07,16,17,-1
967,2021-10-07,19,19,1
968,2021-10-07,19,20,1
969,2021-10-07,20,22,1
970,2021-10-07,21,22,1
971,2021-10-07,23,23,-1
972,2021-10-08,0,0,-1
973,2021-10-08,8,8,-1
974,2021-10-08,8,9,-1
975,2021-10-08,15,15,0
976,2021-10-08,15,16,1
977,2021-10-08,17,17,-1
978,2021-10-08,18,18,3
979,2021-10-08,19,19,-2
980,2021-10-08,20,20,0
981,2021-10-09,17,17,-1
982,2021-10-09,20,20,2
983,2021-10-09,21,21,1
984,2021-10-09,22,22,1
985,2021-10-09,23,23,1
986,2021-10-10,1,1,-1
987,2021-10-10,2,2,0
988,2021-10-10,2,3,-1
989,2021-10-10,7,7,-1
990,2021-10-10,8,8,-1
991,2021-10-10,11,11,-1
992,2021-10-10,13,13,1
993,2021-10-10,20,20,1
994,2021-10-10,20,21,-1
995,2021-10-11,23,23,1
996,2021-10-12,1,2,-1
997,2021-10-12,16,16,1
998,2021-10-12,18,18,-1
999,2021-10-13,1,1,-1
1000,2021-10-13,8,8,1
1001,2021-10-13,10,10,1
1002,2021-10-13,13,13,-1
1003,2021-10-13,13,14,1
1004,2021-10-13,14,14,-1
1005,2021-10-13,16,16,0
1006,2021-10-13,17,17,1
1007,2021-10-13,20,20,-2
1008,2021-10-14,18,19,1
1009,2021-10-14,19,20,1
1010,2021-10-14,20,21,-1
1011,2021-10-15,2,3,-1
1012,2021-10-15,11,11,1
1013,2021-10-15,12,12,1
1014,2021-10-15,13,13,0
1015,2021-10-15,14,15,-1
1016,2021-10-15,15,16,1
1017,2021-10-15,17,17,-1
1018,2021-10-15,18,18,-1
1019,2021-10-15,19,19,2
1020,2021-10-15,20,20,-1
1021,2021-10-16,13,13,1
1022,2021-10-16,16,16,1
1023,2021-10-16,20,10,-1
1024,2021-10-16,22,22,-1
1025,2021-10-17,9,9,-1
1026,2021-10-17,13,13,0
1027,2021-10-17,14,14,0
1028,2021-10-17,19,19,1
1029,2021-10-18,0,0,1
1030,2021-10-18,1,1,-2
1031,2021-10-18,13,14,1
1032,2021-10-18,15,15,-1
1033,2021-10-18,18,19,1
1034,2021-10-18,22,22,-1
1035,2021-10-19,9,9,1
1036,2021-10-19,14,14,1
1037,2021-10-19,16,16,-1
1038,2021-10-19,18,18,2
1039,2021-10-19,20,20,-1
1040,2021-10-19,23,0,-1
1041,2021-10-20,8,8,-1
1042,2021-10-20,15,15,1
1043,2021-10-20,17,17,2
1044,2021-10-20,18,18,-1
1045,2021-10-21,8,8,-1
1046,2021-10-21,17,17,-1
1047,2021-10-22,12,12,2
1048,2021-10-22,14,14,-1
1049,2021-10-22,17,17,1
1050,2021-10-22,22,22,-1
1051,2021-10-23,10,10,1
1052,2021-10-23,23,0,1
1053,2021-10-24,0,1,-1
1054,2021-10-24,9,10,1
1055,2021-10-24,10,10,0
1056,2021-10-24,10,11,-1
1057,2021-10-25,18,19,-2
1058,2021-10-25,19,19,1
1059,2021-10-25,20,21,2
1060,2021-10-25,21,21,0
1061,2021-10-26,13,14,0
1062,2021-10-26,15,15,1
1063,2021-10-26,16,18,1
1064,2021-10-26,17,18,-1
1065,2021-10-26,18,18,-2
1066,2021-10-26,22,22,1
1067,2021-10-27,8,8,-1
1068,2021-10-27,11,12,1
1069,2021-10-27,18,18,-1
1070,2021-10-27,22,22,0
1071,2021-10-27,23,23,-1
1072,2021-10-28,14,14,1
1073,2021-10-28,15,15,-1
1074,2021-10-28,19,19,-1
1075,2021-10-28,22,22,1
1076,2021-10-28,23,23,0
1077,2021-10-29,14,14,1
1078,2021-10-29,14,15,-1
1079,2021-10-29,16,17,1
1080,2021-10-29,20,20,1
1081,2021-10-30,9,9,1
1082,2021-10-30,9,10,-1
1083,2021-10-30,16,16,1
1084,2021-10-30,16,17,1
1085,2021-10-30,18,19,-1
1086,2021-10-30,20,20,1
1087,2021-10-30,21,21,-1
1088,2021-10-31,3,3,1
1089,2021-10-31,16,16,-1
1090,2021-10-31,21,22,1
1091,2021-10-31,22,23,-1
1092,2021-11-01,14,14,1
1093,2021-11-01,15,15,-1
1094,2021-11-01,18,18,1
1095,2021-11-01,20,20,-1
1096,2021-11-01,20,21,2
1097,2021-11-01,21,22,0
1098,2021-11-01,22,22,-1
1099,2021-11-02,7,7,0
1100,2021-11-02,9,9,0
1101,2021-11-02,13,13,-1
1102,2021-11-02,13,14,1
1103,2021-11-02,14,14,-1
1104,2021-11-02,14,15,1
1105,2021-11-02,16,17,0
1106,2021-11-02,17,18,1
1107,2021-11-02,22,23,-1
1108,2021-11-02,23,23,-1
1109,2021-11-04,8,9,1
1110,2021-11-04,16,16,1
1111,2021-11-05,0,0,0
1112,2021-11-05,7,7,1
1113,2021-11-05,8,8,-1
1114,2021-11-05,17,17,1
1115,2021-11-05,18,18,1
1116,2021-11-05,18,19,-1
1117,2021-11-05,19,19,-1
1118,2021-11-06,4,4,1
1119,2021-11-06,8,8,-1
1120,2021-11-06,12,13,0
1121,2021-11-06,19,19,-1
1122,2021-11-07,6,7,-1
1123,2021-11-07,10,10,-1
1124,2021-11-08,15,15,1
1125,2021-11-08,20,21,1
1126,2021-11-08,21,22,0
1127,2021-11-08,23,23,-1
1128,2021-11-09,6,7,1
1129,2021-11-09,8,8,-1
1130,2021-11-09,10,10,-1
1131,2021-11-09,13,13,1
1132,2021-11-09,16,17,-1
1133,2021-11-09,20,21,1
1134,2021-11-09,21,21,1
1135,2021-11-09,23,0,1
1136,2021-11-09,23,23,-1
1137,2021-11-10,8,8,-1
1138,2021-11-10,12,13,1
1139,2021-11-10,13,13,-1
1140,2021-11-10,17,17,-1
1141,2021-11-10,18,19,-1
1142,2021-11-10,19,19,-1
1143,2021-11-11,3,3,1
1144,2021-11-11,12,14,-1
1145,2021-11-11,14,14,-2
1146,2021-11-11,17,17,1
1147,2021-11-12,22,22,-1
1148,2021-11-13,9,11,2
1149,2021-11-14,3,3,-1
1150,2021-11-14,14,15,1
1151,2021-11-15,3,4,1
1152,2021-11-15,7,7,1
1153,2021-11-15,9,9,-1
1154,2021-11-15,11,11,1
1155,2021-11-15,15,15,1
1156,2021-11-15,17,18,1
1157,2021-11-15,20,20,-2
1158,2021-11-15,21,22,0
1159,2021-11-15,23,23,1
1160,2021-11-16,8,8,-1
1161,2021-11-16,9,9,-1
1162,2021-11-16,14,15,-1
1163,2021-11-16,19,19,1
1164,2021-11-17,10,10,0
1165,2021-11-17,16,16,-2
1166,2021-11-17,18,18,1
1167,2021-11-17,21,22,-1
1168,2021-11-18,0,0,-1
1169,2021-11-18,9,9,-1
1170,2021-11-18,15,15,2
1171,2021-11-18,17,17,1
1172,2021-11-18,17,18,0
1173,2021-11-18,20,20,1
1174,2021-11-19,8,8,-1
1175,2021-11-19,9,9,-1
1176,2021-11-19,10,10,0
1177,2021-11-19,12,12,1
1178,2021-11-19,15,15,2
1179,2021-11-19,16,16,-2
1180,2021-11-19,16,17,-2
1181,2021-11-20,9,9,-2
1182,2021-11-21,11,11,-1
1183,2021-11-21,14,15,-1
1184,2021-11-21,14,16,1
1185,2021-11-21,19,19,1
1186,2021-11-21,22,23,-2
1187,2021-11-22,2,2,-2
1188,2021-11-22,2,3,1
1189,2021-11-22,3,3,1
1190,2021-11-22,8,9,-1
1191,2021-11-22,11,11,0
1192,2021-11-22,21,21,-1
1193,2021-11-23,11,11,1
1194,2021-11-23,12,12,1
1195,2021-11-23,16,16,-1
1196,2021-11-24,0,0,1
1197,2021-11-24,6,6,-1
1198,2021-11-24,8,8,-1
1199,2021-11-24,9,9,-1
1200,2021-11-24,17,17,1
1201,2021-11-24,17,18,2
1202,2021-11-24,18,19,-1
1203,2021-11-24,23,23,-1
1204,2021-11-25,0,0,1
1205,2021-11-25,15,15,-1
1206,2021-11-25,18,19,1
1207,2021-11-25,20,20,-1
1208,2021-11-25,22,22,2
1209,2021-11-26,0,0,0
1210,2021-11-26,16,16,-1
1211,2021-11-27,9,10,-1
1212,2021-11-27,11,11,1
1213,2021-11-27,13,13,1
1214,2021-11-27,15,15,0
1215,2021-11-27,18,19,0
1216,2021-11-28,18,18,1
1217,2021-11-28,20,22,1
1218,2021-11-28,23,23,-1
1219,2021-11-29,16,17,1
1220,2021-11-29,17,17,-2
1221,2021-11-30,9,9,-1
1222,2021-11-30,15,16,1
1223,2021-11-30,18,18,-1
1224,2021-11-30,20,20,-1
1225,2021-11-30,21,21,0
1226,2021-12-01,16,16,-1
1227,2021-12-02,8,8,-1
1228,2021-12-02,19,19,1
1229,2021-12-03,8,9,-1
1230,2021-12-03,9,9,-1
1231,2021-12-03,18,18,1
1232,2021-12-04,8,8,-1
1233,2021-12-04,9,9,-1
1234,2021-12-04,10,11,1
1235,2021-12-04,11,11,1
1236,2021-12-04,13,14,1
1237,2021-12-04,15,15,-1
1238,2021-12-04,15,16,-1
1239,2021-12-04,17,18,0
1240,2021-12-04,18,18,-1
1241,2021-12-05,15,15,-1
1242,2021-12-05,16,17,1
1243,2021-12-06,8,8,1
1244,2021-12-06,8,9,-1
1245,2021-12-06,15,15,-1
1246,2021-12-06,16,17,1
1247,2021-12-06,21,21,1
1248,2021-12-07,8,9,-1
1249,2021-12-07,15,15,2
1250,2021-12-08,8,9,-1
1251,2021-12-08,15,15,2
1252,2021-12-08,17,18,-1
1253,2021-12-09,8,9,-1
1254,2021-12-09,14,14,-1
1255,2021-12-09,17,17,1
1256,2021-12-10,8,8,-1
1257,2021-12-10,18,19,1
1258,2021-12-11,15,15,0
1259,2021-12-11,15,16,0
1260,2021-12-11,16,16,-1
1261,2021-12-11,18,18,1
1262,2021-12-12,10,10,1
1263,2021-12-12,10,12,1
1264,2021-12-12,14,14,-1
1265,2021-12-12,17,17,2
1266,2021-12-12,19,20,1
1267,2021-12-13,6,6,1
1268,2021-12-13,8,8,-2
1269,2021-12-13,10,10,-1
1270,2021-12-13,12,12,-1
1271,2021-12-13,16,17,-1
1272,2021-12-13,23,0,-1
1273,2021-12-14,6,6,1
1274,2021-12-14,7,7,-1
1275,2021-12-14,9,9,-1
1276,2021-12-14,18,18,2
1277,2021-12-15,8,8,-1
1278,2021-12-15,9,9,-1
1279,2021-12-15,13,14,1
1280,2021-12-15,16,17,1
1281,2021-12-15,18,18,1
1282,2021-12-15,21,21,-1
1283,2021-12-16,9,9,-1
1284,2021-12-17,9,9,-1
1285,2021-12-17,14,14,2
1286,2021-12-17,15,15,-1
1287,2021-12-17,15,16,-1
1288,2021-12-17,18,18,1
1289,2021-12-17,20,20,-1
1290,2021-12-18,20,21,1
1291,2021-12-19,12,12,0
1292,2021-12-19,14,15,1
1293,2021-12-19,15,15,-1
1294,2021-12-19,18,18,-1
1295,2021-12-20,13,13,1
1296,2021-12-21,17,17,1
1297,2021-12-21,19,19,1
1298,2021-12-21,22,22,-1
1299,2021-12-22,12,12,0
1300,2021-12-23,8,8,-1
1301,2021-12-23,9,9,-1
1302,2021-12-23,20,20,1
1303,2021-12-23,23,23,1
1304,2021-12-24,11,20,-1
1305,2021-12-24,13,13,1
1306,2021-12-24,15,15,1
1307,2021-12-25,15,15,-1
1308,2021-12-26,10,10,1
1309,2021-12-26,10,11,-1
1310,2021-12-26,17,17,-1
1311,2021-12-26,20,20,1
1312,2021-12-26,21,21,-1
1313,2021-12-26,23,23,-1
1314,2021-12-27,20,20,1
1315,2021-12-28,20,21,-1
1316,2021-12-29,18,18,1
1317,2021-12-30,7,8,1
1318,2021-12-30,12,12,-1
1319,2021-12-30,15,15,-1
1320,2021-12-30,20,0,2
1321,2021-12-31,10,10,1
1322,2021-12-31,16,16,-1
1323,2021-12-31,17,17,1
