,ride_id,rideable_type,started_at,ended_at,start_station_name,start_station_id,end_station_name,end_station_id,start_lat,start_lng,end_lat,end_lng,member_casual
20129,70F9A697AE3AF76A,classic_bike,2022-03-15 16:10:34,2022-03-15 16:21:07,20 Ave & Shore Blvd,7391,31 St & 23 Ave,7144,40.785994,-73.915098,40.7747878,-73.9125551,member
62339,AA50E22553E72A45,electric_bike,2022-03-10 11:08:31,2022-03-10 11:18:28,20 Ave & Shore Blvd,7391,20 Ave & Shore Blvd,7391,40.785994,-73.915098,40.785994,-73.915098,casual
62385,876480C5B8035A84,classic_bike,2022-03-18 08:37:24,2022-03-18 08:42:44,20 Ave & 33 St,7226,20 Ave & Shore Blvd,7391,40.779399,-73.905708,40.785994,-73.915098,member
62879,294700D7B7AE828A,electric_bike,2022-03-18 19:05:34,2022-03-18 19:14:17,31 St & 21 Ave,7202,20 Ave & Shore Blvd,7391,40.77813,-73.90842,40.785994,-73.915098,casual
63388,8937CE5E8F4E5A7D,classic_bike,2022-03-20 13:19:41,2022-03-20 13:38:48,46 St & 30 Rd,6703,20 Ave & Shore Blvd,7391,40.76072,-73.910989,40.785994,-73.915098,member
93461,943FCDA9D78189E5,classic_bike,2022-03-07 16:29:13,2022-03-07 16:45:41,20 Ave & Shore Blvd,7391,36 Ave & 10 St,6737,40.785994,-73.915098,40.7614376,-73.9411265,member
129163,4DAA89E2B8A50A01,classic_bike,2022-03-03 14:55:01,2022-03-03 15:10:52,20 Ave & Shore Blvd,7391,Steinway St & 19 Ave,7220,40.785994,-73.915098,40.778089,-73.899558,member
143418,6A026EC6E21C0FA5,electric_bike,2022-03-04 08:41:49,2022-03-04 09:12:07,20 Ave & Shore Blvd,7391,E 75 St & 3 Ave,6991,40.785994,-73.915098,40.77112927,-73.95772297,member
143795,C08CFB922D597C22,electric_bike,2022-03-25 08:47:19,2022-03-25 09:21:38,20 Ave & Shore Blvd,7391,E 75 St & 3 Ave,6991,40.785994,-73.915098,40.77112927,-73.95772297,member
147215,646E5784F233ED8B,classic_bike,2022-03-08 16:52:19,2022-03-08 16:54:36,21 Ave & Shore Blvd,7342,20 Ave & Shore Blvd,7391,40.783956,-73.916894,40.785994,-73.915098,member
147403,69D619AB8F487C1C,classic_bike,2022-03-06 15:11:04,2022-03-06 15:25:22,38 St & 30 Ave,6850,20 Ave & Shore Blvd,7391,40.764174520197685,-73.91583994030952,40.785994,-73.915098,member
147468,241DF8FA5EF5EF65,classic_bike,2022-03-07 20:51:21,2022-03-07 21:06:46,35 St & 30 Ave,6887,20 Ave & Shore Blvd,7391,40.76547569244953,-73.91811579465866,40.785994,-73.915098,member
148006,C53A017BFB6D4F70,classic_bike,2022-03-25 14:33:45,2022-03-25 14:38:22,31 St & 21 Ave,7202,20 Ave & Shore Blvd,7391,40.77813,-73.90842,40.785994,-73.915098,member
148443,8162F5F0D971288A,electric_bike,2022-03-15 16:09:28,2022-03-15 16:21:58,30 Ave & 41 St,6812,20 Ave & Shore Blvd,7391,40.763422,-73.914142,40.785994,-73.915098,member
148645,DA19E2A34CD3D0B6,electric_bike,2022-03-21 17:25:20,2022-03-21 17:32:09,Steinway St & 23 Ave,7009,20 Ave & Shore Blvd,7391,40.7713937,-73.9077436,40.785994,-73.915098,member
149653,B2449D286E96680E,classic_bike,2022-03-18 19:48:01,2022-03-18 19:58:36,Astoria Park S & Shore Blvd,7159,20 Ave & Shore Blvd,7391,40.7767,-73.927631,40.785994,-73.915098,casual
149936,5EAAF29570771040,electric_bike,2022-03-08 11:23:55,2022-03-08 11:28:47,31 St & Ditmars Blvd,7144,20 Ave & Shore Blvd,7391,40.776168,-73.910485,40.785994,-73.915098,casual
149939,D28EE5C7F440363E,electric_bike,2022-03-31 10:58:17,2022-03-31 11:03:02,31 St & Ditmars Blvd,7144,20 Ave & Shore Blvd,7391,40.776168,-73.910485,40.785994,-73.915098,casual
315890,3D12396AC86A6289,electric_bike,2022-03-16 15:39:54,2022-03-16 15:50:44,20 Ave & Shore Blvd,7391,25 Ave & 41 St,6943,40.785994,-73.915098,40.767666,-73.910963,casual
317904,1F6FE40B3577B009,classic_bike,2022-03-06 22:56:10,2022-03-06 23:17:18,20 Ave & Shore Blvd,7391,31 Ave & 30 St,6857,40.785994,-73.915098,40.7647,-73.9240312,member
371576,95357819DCE904E0,classic_bike,2022-03-20 13:40:34,2022-03-20 13:51:48,20 Ave & Shore Blvd,7391,21 Ave & Shore Blvd,7342,40.785994,-73.915098,40.783956,-73.916894,member
371580,944EF95F301F14DD,classic_bike,2022-03-07 14:43:37,2022-03-07 14:46:30,20 Ave & Shore Blvd,7391,21 Ave & Shore Blvd,7342,40.785994,-73.915098,40.783956,-73.916894,member
375675,B355BE407A81B3D1,classic_bike,2022-03-07 14:43:28,2022-03-07 14:46:19,20 Ave & Shore Blvd,7391,21 Ave & Shore Blvd,7342,40.785994,-73.915098,40.783956,-73.916894,member
379719,B4B8FA74E320623F,classic_bike,2022-03-07 08:55:53,2022-03-07 08:57:33,20 Ave & Shore Blvd,7391,21 Ave & Shore Blvd,7342,40.785994,-73.915098,40.783956,-73.916894,member
465015,5B9CEFA5E2AC52E7,electric_bike,2022-03-19 08:40:12,2022-03-19 08:46:23,20 Ave & Shore Blvd,7391,31 St & 23 Ave,7144,40.785994,-73.915098,40.7747878,-73.9125551,member
500722,2B5267235E261944,classic_bike,2022-03-10 17:33:50,2022-03-10 17:50:54,20 Ave & Shore Blvd,7391,Crescent St & Broadway,6827,40.785994,-73.915098,40.7633589,-73.9286471,member
552196,EE58D5646DC229AE,classic_bike,2022-03-03 14:54:43,2022-03-03 14:56:57,20 Ave & Shore Blvd,7391,20 Ave & 21 St,7363,40.785994,-73.915098,40.784003,-73.912297,member
554412,C02362E038DAFF4E,classic_bike,2022-03-18 09:26:45,2022-03-18 09:28:32,20 Ave & Shore Blvd,7391,20 Ave & 21 St,7363,40.785994,-73.915098,40.784003,-73.912297,member
589312,30D09257176F16BB,classic_bike,2022-03-18 09:42:45,2022-03-18 09:55:06,20 Ave & Shore Blvd,7391,18 St & 27 Ave,7062,40.785994,-73.915098,40.772768286288304,-73.92743647098541,member
621857,AA7D5451565AF66F,classic_bike,2022-03-19 18:31:16,2022-03-19 18:54:14,20 Ave & Shore Blvd,7391,35 St & 34 Ave,6679,40.785994,-73.915098,40.7580583,-73.9242751,casual
661627,20C1700BEEE8F9B5,classic_bike,2022-03-03 09:09:21,2022-03-03 09:31:37,20 Ave & Shore Blvd,7391,Ditmars Blvd & 19 St,7291,40.785994,-73.915098,40.78145,-73.9183302,member
661687,590FAA78698C4D46,electric_bike,2022-03-11 15:38:43,2022-03-11 15:41:39,20 Ave & Shore Blvd,7391,Ditmars Blvd & 19 St,7291,40.785994,-73.915098,40.78145,-73.9183302,casual
661719,326B2C1F373D4B4B,classic_bike,2022-03-06 15:26:21,2022-03-06 15:32:44,20 Ave & Shore Blvd,7391,Ditmars Blvd & 19 St,7291,40.785994,-73.915098,40.78145,-73.9183302,casual
663544,98D0E75C0B63806B,classic_bike,2022-03-06 15:26:31,2022-03-06 15:32:46,20 Ave & Shore Blvd,7391,Ditmars Blvd & 19 St,7291,40.785994,-73.915098,40.78145,-73.9183302,casual
747646,DD23486CFB19F402,classic_bike,2022-03-06 18:57:34,2022-03-06 19:03:06,20 Ave & Shore Blvd,7391,20 Ave & 33 St,7226,40.785994,-73.915098,40.779399,-73.905708,member
773023,769BDA8E8C84C0BE,classic_bike,2022-03-20 14:18:01,2022-03-20 14:27:35,20 Ave & Shore Blvd,7391,20 Ave & 48 St,7066,40.785994,-73.915098,40.772899,-73.896849,member
785901,09034B9992D33711,classic_bike,2022-03-19 19:13:34,2022-03-19 19:26:41,20 Ave & Shore Blvd,7391,20 Ave & 48 St,7066,40.785994,-73.915098,40.772899,-73.896849,casual
1061744,34048E302D0424B1,classic_bike,2022-03-11 16:43:51,2022-03-11 16:50:51,20 Ave & Shore Blvd,7391,Shore Blvd & Astoria Park,7271,40.785994,-73.915098,40.77977,-73.923162,member
1061761,16EE6E79C50DC218,classic_bike,2022-03-02 08:07:34,2022-03-02 08:42:10,20 Ave & Shore Blvd,7391,Shore Blvd & Astoria Park,7271,40.785994,-73.915098,40.77977,-73.923162,member
1071376,1D4738B72C818382,electric_bike,2022-03-13 14:04:32,2022-03-13 14:11:38,20 Ave & Shore Blvd,7391,Shore Blvd & Astoria Park,7271,40.785994,-73.915098,40.77977,-73.923162,member
1073559,E5CEAD8484B88842,electric_bike,2022-03-16 16:01:29,2022-03-16 16:07:58,20 Ave & Shore Blvd,7391,21 St & Hoyt Ave S,7126,40.785994,-73.915098,40.774645,-73.923706,casual
1118455,48CFDA67F90B1DEB,classic_bike,2022-03-16 18:29:47,2022-03-16 18:37:05,20 Ave & Shore Blvd,7391,23 Ave & 27 St,7178,40.785994,-73.915098,40.776165,-73.9153175,casual
1121887,617F42D68CC8C6A2,classic_bike,2022-03-18 19:12:02,2022-03-18 19:37:48,20 Ave & Shore Blvd,7391,50 St & 30 Ave,6735,40.785994,-73.915098,40.760083,-73.907107,member
1147334,1932E6CCC7990CF4,classic_bike,2022-03-02 16:55:47,2022-03-02 17:01:40,20 Ave & Shore Blvd,7391,31 St & 21 Ave,7202,40.785994,-73.915098,40.77813,-73.90842,member
1149825,0F340BC6FBE7F40C,classic_bike,2022-03-15 07:06:10,2022-03-15 07:10:40,20 Ave & Shore Blvd,7391,31 St & 21 Ave,7202,40.785994,-73.915098,40.77813,-73.90842,member
1149858,5234B3C02F2F98E0,classic_bike,2022-03-06 15:13:16,2022-03-06 15:18:52,20 Ave & Shore Blvd,7391,31 St & 21 Ave,7202,40.785994,-73.915098,40.77813,-73.90842,member
1173750,78C5318B85D9B82F,classic_bike,2022-03-25 13:15:45,2022-03-25 13:21:37,20 Ave & Shore Blvd,7391,31 St & 21 Ave,7202,40.785994,-73.915098,40.77813,-73.90842,member
1173805,0082FBEF87A04A7A,electric_bike,2022-03-15 14:50:13,2022-03-15 14:57:42,20 Ave & Shore Blvd,7391,31 St & 21 Ave,7202,40.785994,-73.915098,40.77813,-73.90842,casual
1173806,3E29124126A76506,electric_bike,2022-03-18 19:59:01,2022-03-18 20:08:59,20 Ave & Shore Blvd,7391,31 St & 21 Ave,7202,40.785994,-73.915098,40.77813,-73.90842,casual
1263719,EAA72A1B6E94FE39,classic_bike,2022-03-21 16:55:15,2022-03-21 17:07:40,20 Ave & Shore Blvd,7391,21 Ave & Crescent St,7284,40.785994,-73.915098,40.780478,-73.912212,member
1263720,4AA6BC3640FA7436,classic_bike,2022-03-21 08:55:28,2022-03-21 08:59:49,20 Ave & Shore Blvd,7391,21 Ave & Crescent St,7284,40.785994,-73.915098,40.780478,-73.912212,member
1265862,854A2070BD6EE28C,classic_bike,2022-03-01 08:52:11,2022-03-01 08:57:16,20 Ave & Shore Blvd,7391,21 Ave & Crescent St,7284,40.785994,-73.915098,40.780478,-73.912212,member
1298220,6E5D7AF60CCA149A,classic_bike,2022-03-05 21:17:23,2022-03-05 21:26:08,20 Ave & Shore Blvd,7391,Astoria Park S & Shore Blvd,7159,40.785994,-73.915098,40.7767,-73.927631,member
1298374,0D618CC042C2ED35,classic_bike,2022-03-14 18:14:28,2022-03-14 18:23:51,20 Ave & Shore Blvd,7391,Astoria Park S & Shore Blvd,7159,40.785994,-73.915098,40.7767,-73.927631,member
1303453,7EE77ED219A94B9A,classic_bike,2022-03-14 16:11:38,2022-03-14 16:20:33,20 Ave & Shore Blvd,7391,Astoria Park S & Shore Blvd,7159,40.785994,-73.915098,40.7767,-73.927631,member
1314335,05465137EBE4D08A,classic_bike,2022-03-02 17:41:36,2022-03-02 17:50:35,20 Ave & Shore Blvd,7391,Astoria Park S & Shore Blvd,7159,40.785994,-73.915098,40.7767,-73.927631,member
1314456,C973AA4201A2EAF1,electric_bike,2022-03-31 12:36:29,2022-03-31 13:01:41,20 Ave & Shore Blvd,7391,Astoria Park S & Shore Blvd,7159,40.785994,-73.915098,40.7767,-73.927631,casual
1315177,614D2A502389FBD8,electric_bike,2022-03-16 17:18:32,2022-03-16 17:24:41,20 Ave & Shore Blvd,7391,Astoria Park S & Shore Blvd,7159,40.785994,-73.915098,40.7767,-73.927631,casual
1315530,0D58CBDC98376E00,classic_bike,2022-03-06 15:06:39,2022-03-06 15:14:00,20 Ave & Shore Blvd,7391,Astoria Park S & Shore Blvd,7159,40.785994,-73.915098,40.7767,-73.927631,member
1326204,E36705C13DCC2533,electric_bike,2022-03-16 17:17:07,2022-03-16 17:24:18,20 Ave & Shore Blvd,7391,Astoria Park S & Shore Blvd,7159,40.785994,-73.915098,40.7767,-73.927631,casual
1361320,FA2B910C47FC03F0,electric_bike,2022-03-10 15:38:03,2022-03-10 15:46:35,20 Ave & Shore Blvd,7391,8 St & Astoria Blvd,7068,40.785994,-73.915098,40.7725996921817,-73.93266275525093,casual
1375151,77C627D12E504D7A,electric_bike,2022-03-02 15:30:04,2022-03-02 15:41:42,20 Ave & Shore Blvd,7391,8 St & Astoria Blvd,7068,40.785994,-73.915098,40.7725996921817,-73.93266275525093,casual
1529177,546EBD354132B52F,classic_bike,2022-03-06 22:14:19,2022-03-06 22:20:17,Shore Blvd & Astoria Park,7271,20 Ave & Shore Blvd,7391,40.77977,-73.923162,40.785994,-73.915098,member
1530442,359A5FBF446F76A4,electric_bike,2022-03-16 16:29:01,2022-03-16 16:36:39,Steinway St & 19 Ave,7220,20 Ave & Shore Blvd,7391,40.778089,-73.899558,40.785994,-73.915098,casual
1531137,B8157F9CD2EAEF57,electric_bike,2022-03-16 15:13:11,2022-03-16 15:29:36,48 St & Broadway,6629,20 Ave & Shore Blvd,7391,40.755763,-73.912715,40.785994,-73.915098,member
1531988,1BD4407C8973C1D4,classic_bike,2022-03-14 08:50:04,2022-03-14 08:52:08,20 Ave & 21 St,7363,20 Ave & Shore Blvd,7391,40.784003,-73.912297,40.785994,-73.915098,member
1532000,1FD88CFEDAFEEAB0,classic_bike,2022-03-19 17:54:44,2022-03-19 18:12:14,20 Ave & 48 St,7066,20 Ave & Shore Blvd,7391,40.772899,-73.896849,40.785994,-73.915098,casual
1532193,3756153F572585CE,classic_bike,2022-03-06 18:45:15,2022-03-06 18:57:11,21 St & 23 Ave,7210,20 Ave & Shore Blvd,7391,40.778557,-73.919046,40.785994,-73.915098,member
1532475,9F57C7DDE3C725A0,classic_bike,2022-03-26 12:44:34,2022-03-26 13:12:58,31 St & Broadway,6789,20 Ave & Shore Blvd,7391,40.761584,-73.925921,40.785994,-73.915098,member
1532933,2A2906E1D5BD1A20,classic_bike,2022-03-18 08:48:21,2022-03-18 09:24:25,21 Ave & Shore Blvd,7342,20 Ave & Shore Blvd,7391,40.783956,-73.916894,40.785994,-73.915098,member
1532955,71ED93B15EFDAFBD,classic_bike,2022-03-05 11:01:15,2022-03-05 11:18:51,21 Ave & Shore Blvd,7342,20 Ave & Shore Blvd,7391,40.783956,-73.916894,40.785994,-73.915098,member
1532959,9F196FAC711AD734,classic_bike,2022-03-07 08:04:43,2022-03-07 08:07:35,21 Ave & Shore Blvd,7342,20 Ave & Shore Blvd,7391,40.783956,-73.916894,40.785994,-73.915098,member
1532964,BE677CD8CD62F6ED,classic_bike,2022-03-07 12:26:12,2022-03-07 12:28:49,21 Ave & Shore Blvd,7342,20 Ave & Shore Blvd,7391,40.783956,-73.916894,40.785994,-73.915098,member
1532976,3743127E66FBE13E,classic_bike,2022-03-18 08:47:29,2022-03-18 08:52:35,21 Ave & Shore Blvd,7342,20 Ave & Shore Blvd,7391,40.783956,-73.916894,40.785994,-73.915098,member
1533943,AFAFC18FB44B8149,classic_bike,2022-03-16 17:48:50,2022-03-16 17:53:31,Shore Blvd & Astoria Park,7271,20 Ave & Shore Blvd,7391,40.77977,-73.923162,40.785994,-73.915098,member
1534110,42EEEC912E18DC7F,classic_bike,2022-03-19 17:55:31,2022-03-19 18:12:58,31 St & Hoyt Ave N,7018,20 Ave & Shore Blvd,7391,40.7711528,-73.9170074,40.785994,-73.915098,casual
1534843,2CD694E3B26D86D7,classic_bike,2022-03-31 12:30:03,2022-03-31 12:35:56,Shore Blvd & Astoria Park,7271,20 Ave & Shore Blvd,7391,40.77977,-73.923162,40.785994,-73.915098,casual
1535689,62C6A7CA4984CF4D,classic_bike,2022-03-07 12:57:54,2022-03-07 13:10:55,21 Ave & 80 St,7060,20 Ave & Shore Blvd,7391,40.770888,-73.889914,40.785994,-73.915098,member
1535704,6CA69352288C75BA,classic_bike,2022-03-21 17:10:01,2022-03-21 17:45:20,21 Ave & 80 St,7060,20 Ave & Shore Blvd,7391,40.770888,-73.889914,40.785994,-73.915098,casual
1536272,4BD74A2EB2167000,classic_bike,2022-03-18 15:30:30,2022-03-18 15:45:16,46 St & 25 Ave,6907,20 Ave & Shore Blvd,7391,40.765753,-73.90676,40.785994,-73.915098,member
1536430,655C83C620A5613F,classic_bike,2022-03-25 17:09:50,2022-03-25 17:30:33,31 Ave & 34 St,6819,20 Ave & Shore Blvd,7391,40.763154,-73.920827,40.785994,-73.915098,member
1536757,D9D4F031065A2242,classic_bike,2022-03-05 09:42:00,2022-03-05 09:50:20,31 St & Ditmars Blvd,7144,20 Ave & Shore Blvd,7391,40.776168,-73.910485,40.785994,-73.915098,casual
1537281,70CFD5C062A0CBF2,classic_bike,2022-03-25 11:07:15,2022-03-25 11:08:46,20 Ave & Shore Blvd,7391,20 Ave & Shore Blvd,7391,40.785994,-73.915098,40.785994,-73.915098,casual
1537531,77CD62B2CDE61E13,classic_bike,2022-03-18 08:40:17,2022-03-18 08:43:34,21 St & 21 Ave,7314,20 Ave & Shore Blvd,7391,40.782465,-73.914527,40.785994,-73.915098,member
1538151,B2C3FA1277B468DE,electric_bike,2022-03-15 14:08:54,2022-03-15 14:48:29,31 St & 21 Ave,7202,20 Ave & Shore Blvd,7391,40.77813,-73.90842,40.785994,-73.915098,casual
1538152,8758370D1BC37BAF,electric_bike,2022-03-18 19:05:33,2022-03-18 19:14:24,31 St & 21 Ave,7202,20 Ave & Shore Blvd,7391,40.77813,-73.90842,40.785994,-73.915098,casual
1538248,FC83EB53CD437FAB,classic_bike,2022-03-06 15:24:18,2022-03-06 15:28:44,31 St & 21 Ave,7202,20 Ave & Shore Blvd,7391,40.77813,-73.90842,40.785994,-73.915098,member
1538497,2C5600E779483382,classic_bike,2022-03-02 17:19:14,2022-03-02 17:40:19,31 Ave & 34 St,6819,20 Ave & Shore Blvd,7391,40.763154,-73.920827,40.785994,-73.915098,member
1538873,FF488C5875C51FA6,classic_bike,2022-03-15 09:02:10,2022-03-15 09:14:22,19 St & 24 Ave,7186,20 Ave & Shore Blvd,7391,40.7774552,-73.9225403,40.785994,-73.915098,member
1538878,0F4D772A655BBD1C,classic_bike,2022-03-26 12:44:37,2022-03-26 13:13:20,31 St & Broadway,6789,20 Ave & Shore Blvd,7391,40.761584,-73.925921,40.785994,-73.915098,casual
1539211,E44E2FDF7F5EDAFA,electric_bike,2022-03-02 11:19:26,2022-03-02 11:28:59,31 St & 23 Ave,7144,20 Ave & Shore Blvd,7391,40.7747878,-73.9125551,40.785994,-73.915098,casual
1540061,8496AFC4C655D2AE,electric_bike,2022-03-21 07:07:26,2022-03-21 07:14:52,Steinway St & Ditmars Blvd,7074,20 Ave & Shore Blvd,7391,40.772717,-73.906127,40.785994,-73.915098,casual
1540702,558427D5874A6996,classic_bike,2022-03-27 14:22:54,2022-03-27 14:39:00,21 Ave & Shore Blvd,7342,20 Ave & Shore Blvd,7391,40.783956,-73.916894,40.785994,-73.915098,member
1541503,DDAD054497E3E117,classic_bike,2022-03-06 21:14:25,2022-03-06 21:17:48,21 St & 21 Ave,7314,20 Ave & Shore Blvd,7391,40.782465,-73.914527,40.785994,-73.915098,member
1541583,EE8997C6D5143B49,docked_bike,2022-03-25 09:53:54,2022-03-25 10:13:47,34 St & 38 Ave,6453,20 Ave & Shore Blvd,7391,40.752443,-73.929737,40.785994,-73.915098,casual
1542058,5C45051FAA94D811,classic_bike,2022-03-06 14:09:00,2022-03-06 14:19:22,35 St & 23 Ave,7047,20 Ave & Shore Blvd,7391,40.77301508291382,-73.91119033098221,40.785994,-73.915098,member
1542109,42C51FE226C98F40,classic_bike,2022-03-21 17:45:34,2022-03-21 18:04:38,31 St & Hoyt Ave N,7018,20 Ave & Shore Blvd,7391,40.7711528,-73.9170074,40.785994,-73.915098,member
1542225,A60FC90ED960D99C,classic_bike,2022-03-03 19:00:11,2022-03-03 19:07:11,20 Ave & 33 St,7226,20 Ave & Shore Blvd,7391,40.779399,-73.905708,40.785994,-73.915098,member
1542830,A11981CC2E41811B,classic_bike,2022-03-01 20:48:38,2022-03-01 21:05:03,25 Ave & 41 St,6943,20 Ave & Shore Blvd,7391,40.767666,-73.910963,40.785994,-73.915098,member
1543264,C665490B30C1D1A2,classic_bike,2022-03-27 11:38:22,2022-03-27 11:40:15,20 Ave & 21 St,7363,20 Ave & Shore Blvd,7391,40.784003,-73.912297,40.785994,-73.915098,member
1543268,35503FEA712D4449,classic_bike,2022-03-04 08:39:37,2022-03-04 08:40:58,20 Ave & 21 St,7363,20 Ave & Shore Blvd,7391,40.784003,-73.912297,40.785994,-73.915098,member
1543897,76F22C4A5F3BE6DE,classic_bike,2022-03-03 09:16:09,2022-03-03 09:18:13,20 Ave & 21 St,7363,20 Ave & Shore Blvd,7391,40.784003,-73.912297,40.785994,-73.915098,member
1543998,68B9C1D2F5C18642,classic_bike,2022-03-19 08:38:31,2022-03-19 08:39:46,20 Ave & 21 St,7363,20 Ave & Shore Blvd,7391,40.784003,-73.912297,40.785994,-73.915098,member
1544091,119732DAA374F0ED,classic_bike,2022-03-25 08:45:22,2022-03-25 08:46:42,20 Ave & 21 St,7363,20 Ave & Shore Blvd,7391,40.784003,-73.912297,40.785994,-73.915098,member
1544770,5FDDC4010FE87BCA,electric_bike,2022-03-16 16:28:28,2022-03-16 16:36:50,Steinway St & 19 Ave,7220,20 Ave & Shore Blvd,7391,40.778089,-73.899558,40.785994,-73.915098,casual
1544851,E27C210C3529C4B6,classic_bike,2022-03-10 17:14:25,2022-03-10 17:32:53,Crescent St & Broadway,6827,20 Ave & Shore Blvd,7391,40.7633589,-73.9286471,40.785994,-73.915098,member
1545723,D769886879E38446,electric_bike,2022-03-16 11:09:52,2022-03-16 11:16:43,20 Ave & Shore Blvd,7391,20 Ave & Shore Blvd,7391,40.785994,-73.915098,40.785994,-73.915098,casual
1546612,844EDE918E8E9144,electric_bike,2022-03-03 21:38:15,2022-03-03 21:44:24,31 St & Ditmars Blvd,7144,20 Ave & Shore Blvd,7391,40.776168,-73.910485,40.785994,-73.915098,casual
1546688,92EDD44E991E1C99,classic_bike,2022-03-02 13:54:53,2022-03-02 14:15:08,31 St & Ditmars Blvd,7144,20 Ave & Shore Blvd,7391,40.776168,-73.910485,40.785994,-73.915098,member
1546699,EC8C8E5F4A138888,classic_bike,2022-03-01 16:28:20,2022-03-01 16:34:06,31 St & Ditmars Blvd,7144,20 Ave & Shore Blvd,7391,40.776168,-73.910485,40.785994,-73.915098,member
1546878,88E09B1F6208D183,classic_bike,2022-03-10 17:22:47,2022-03-10 17:25:34,21 St & 21 Ave,7314,20 Ave & Shore Blvd,7391,40.782465,-73.914527,40.785994,-73.915098,member
1547672,A31AE6D9745AB026,classic_bike,2022-03-19 16:51:06,2022-03-19 17:11:55,Newton Rd & 44 St,6743,20 Ave & Shore Blvd,7391,40.7595701,-73.9142678,40.785994,-73.915098,member
1547753,3D0A095F494EF5F6,classic_bike,2022-03-18 09:33:17,2022-03-18 09:41:52,18 St & 27 Ave,7062,20 Ave & Shore Blvd,7391,40.772768286288304,-73.92743647098541,40.785994,-73.915098,member
1548171,C86482C302A1E2F1,electric_bike,2022-03-10 21:28:18,2022-03-10 21:33:59,31 St & Ditmars Blvd,7144,20 Ave & Shore Blvd,7391,40.776168,-73.910485,40.785994,-73.915098,casual
1548212,BAC30B0F4AC85117,classic_bike,2022-03-15 21:55:54,2022-03-15 22:02:49,31 St & Ditmars Blvd,7144,20 Ave & Shore Blvd,7391,40.776168,-73.910485,40.785994,-73.915098,casual
1548225,2AF5AE9CA24D6586,electric_bike,2022-03-31 11:24:01,2022-03-31 11:29:27,31 St & Ditmars Blvd,7144,20 Ave & Shore Blvd,7391,40.776168,-73.910485,40.785994,-73.915098,casual
1548229,ED95BB510A7DFD84,electric_bike,2022-03-24 21:35:44,2022-03-24 21:42:35,31 St & Ditmars Blvd,7144,20 Ave & Shore Blvd,7391,40.776168,-73.910485,40.785994,-73.915098,casual
1548473,7DD2887E3E41A7E7,electric_bike,2022-03-18 11:02:37,2022-03-18 11:12:34,20 Ave & Shore Blvd,7391,20 Ave & Shore Blvd,7391,40.785994,-73.915098,40.785994,-73.915098,casual
1549116,2F1DCE95C792554B,classic_bike,2022-03-06 14:09:58,2022-03-06 14:19:17,35 St & 23 Ave,7047,20 Ave & Shore Blvd,7391,40.77301508291382,-73.91119033098221,40.785994,-73.915098,member
1550046,24F1B8C5E0D6BAD3,classic_bike,2022-03-21 17:15:04,2022-03-21 17:45:16,21 Ave & 80 St,7060,20 Ave & Shore Blvd,7391,40.770888,-73.889914,40.785994,-73.915098,casual
1550048,790EB5860FBA53F9,electric_bike,2022-03-11 15:27:03,2022-03-11 15:31:55,20 Ave & 38 St,7196,20 Ave & Shore Blvd,7391,40.777112,-73.902382,40.785994,-73.915098,casual
1550210,2DF2C324AA4CEA98,classic_bike,2022-03-19 17:33:27,2022-03-19 17:41:58,27 Ave & 9 St,7098,20 Ave & Shore Blvd,7391,40.7739825,-73.9309134,40.785994,-73.915098,member
1552559,E614D372E23F5A4E,electric_bike,2022-03-16 14:39:55,2022-03-16 15:30:46,31 Ave & 30 St,6857,20 Ave & Shore Blvd,7391,40.7647,-73.9240312,40.785994,-73.915098,casual
1591498,4856687E155F9181,classic_bike,2022-03-05 14:13:33,2022-03-05 14:26:00,20 Ave & Shore Blvd,7391,Crescent St & 30 Ave,6958,40.785994,-73.915098,40.768692,-73.9249574,member
1599584,7365736BBA6AF2FE,classic_bike,2022-03-19 18:28:42,2022-03-19 18:45:48,20 Ave & Shore Blvd,7391,Crescent St & 30 Ave,6958,40.785994,-73.915098,40.768692,-73.9249574,member
1607582,9B23E0BE6FD695AF,electric_bike,2022-03-21 20:06:38,2022-03-21 20:12:34,20 Ave & Shore Blvd,7391,31 St & Ditmars Blvd,7144,40.785994,-73.915098,40.776168,-73.910485,member
1607717,9B6C56E28C25D87C,classic_bike,2022-03-06 16:14:02,2022-03-06 16:28:18,20 Ave & Shore Blvd,7391,31 St & Ditmars Blvd,7144,40.785994,-73.915098,40.776168,-73.910485,member
1608454,9E7ECF573FB2DEC1,electric_bike,2022-03-31 11:06:53,2022-03-31 11:11:56,20 Ave & Shore Blvd,7391,31 St & Ditmars Blvd,7144,40.785994,-73.915098,40.776168,-73.910485,casual
1613097,9FCAC88FBAB25356,electric_bike,2022-03-18 15:30:14,2022-03-18 15:36:05,20 Ave & Shore Blvd,7391,31 St & Ditmars Blvd,7144,40.785994,-73.915098,40.776168,-73.910485,casual
1622115,A919764003D99A2A,classic_bike,2022-03-06 16:13:43,2022-03-06 16:28:04,20 Ave & Shore Blvd,7391,31 St & Ditmars Blvd,7144,40.785994,-73.915098,40.776168,-73.910485,member
1622116,E2118AF5CDB15303,electric_bike,2022-03-21 11:33:48,2022-03-21 11:39:38,20 Ave & Shore Blvd,7391,31 St & Ditmars Blvd,7144,40.785994,-73.915098,40.776168,-73.910485,casual
1873607,1CF4E3A458041B1C,classic_bike,2022-03-07 13:26:31,2022-03-07 13:29:21,20 Ave & Shore Blvd,7391,21 St & 21 Ave,7314,40.785994,-73.915098,40.782465,-73.914527,member
1883607,94936586D464DED7,classic_bike,2022-03-20 21:26:07,2022-03-20 21:29:27,20 Ave & Shore Blvd,7391,21 St & 21 Ave,7314,40.785994,-73.915098,40.782465,-73.914527,member
